Columna,Minimo,Maximo,Rango,Media,Desvio estandar
ph,0.0,1.0,1.0,0.505771036019774,0.11387996562205789
Hardness,0.0,1.0,1.0,0.5402314757675287,0.11926266078193838
Solids,0.0,1.0,1.0,0.35617278530666463,0.14396831751760278
Chloramines,0.0,1.0,1.0,0.5299629583894939,0.12392053925946844
Sulfate,0.0,1.0,1.0,0.5816987273307171,0.11765123680816333
Conductivity,0.0,1.0,1.0,0.42794012898992084,0.14133568423408815
Organic_carbon,0.0,1.0,1.0,0.4630256799876368,0.1267495018822556
Trihalomethanes,0.0,1.0,1.0,0.5326726237345494,0.13122461441659763
Turbidity,0.0,1.0,1.0,0.4758529343526297,0.14754819597001556
