Columna,Minimo,Maximo,Rango,Media,Desvio estandar
ph,0.0,1.0,1.0,0.505771036019774,0.11387996562205788
Hardness,0.0,1.0,1.0,0.5402314757675287,0.11926266078193826
Solids,0.0,1.0,1.0,0.35617278530666463,0.14396831751760292
Chloramines,0.0,1.0,1.0,0.5299629583894939,0.12392053925946842
Sulfate,0.0,1.0,1.0,0.581698727330717,0.11765123680816342
Conductivity,0.0,1.0,1.0,0.42794012898992084,0.1413356842340883
Organic_carbon,0.0,1.0,1.0,0.4630256799876368,0.12674950188225548
Trihalomethanes,0.0,1.0,1.0,0.5326726237345494,0.13122461441659777
Turbidity,0.0,1.0,1.0,0.4758529343526297,0.1475481959700155
