ph,Hardness,Solids,Chloramines,Sulfate,Conductivity,Organic_carbon,Trihalomethanes,Turbidity,Potability
0.666298476428508,0.6114517856349613,0.48943783466300766,0.6170698869347,0.6118594451960487,0.3584838738743866,0.729278640236261,0.8999737597329974,0.6544923294135118,0
0.7662754191803218,0.40081089245798174,0.3983189174943006,0.4257141910725811,0.3871752607308204,0.4364233407614719,0.3411659003393409,0.09646565421204743,0.5230107697922326,0
0.3139840154570706,0.4464681511805591,0.6412549906854071,0.5519919274798064,0.46667974504875087,0.1748615148604732,0.16294144505787875,0.36593168486394645,0.16316861393678178,0
0.912173508802816,0.8247925301643958,0.6412781978024553,0.5480122996375181,0.788612349421753,0.18192204160619346,0.4670760594254026,0.714942675232668,0.1900684325208701,0
0.7074366732883166,0.5417367556922932,0.3011667294407939,0.17479638794556984,0.3543694077840538,0.6054049651071778,0.3866192491022669,0.45858111470250956,0.6005063314263024,0
0.5430286346596934,0.3021710016934773,0.7248058123090546,0.552729671301121,0.46642017355675863,0.49624045783251713,0.568480308336978,0.6460057638208948,0.42499033220098725,0
0.5119811338337649,0.24635905055214954,0.4152781597886244,0.05374248808587871,0.25360735989878797,0.3239953551015985,0.5878189798287976,0.6549499552841042,0.37357136083207787,0
0.4123787155761955,0.43646252782590067,0.9190838234897806,0.8157031286413294,0.6483927901828969,0.6988491179548335,0.34012211559823413,0.6028768635318691,0.594551632949828,0
0.777793257876664,0.9877629460056162,0.5350693254148541,0.4710493212565565,0.8111388319923682,0.6128719502430403,0.444372750558442,0.5603845192867356,0.6247835176746454,0
0.5443707836903028,0.6122318558555502,0.57091283576803,0.1583088812201525,0.5102997086286951,0.5949970972158583,0.3948206312603695,0.4585689838384627,0.16330893500750887,0
0.45272497324795613,0.3196629524364386,0.6907836498112055,0.3387058415171892,0.390996641387811,0.7142133700744338,0.698115093023545,0.626046145612389,0.44574675872384806,0
0.29028929783327106,0.145280377063861,0.38224921125119316,0.8697496399298392,0.47475330133411153,0.6015604252462307,0.32413094936125203,0.38961055502758773,0.7010386498032591,0
0.43392790151191174,0.5126515278578141,0.471398382129388,0.6944358589782137,0.4518674694780066,0.4694218937048528,0.5297262297823128,0.6590303488702509,0.7903478036851956,0
0.038207280426417536,0.5706356416512033,0.7467350498949225,0.7085036307898074,0.7422033746337233,0.532616165739825,0.4679905516965103,0.07632147756155473,0.5489704843652067,0
0.5199261188257506,0.5813939912426392,0.33554726992944756,0.3558979502696988,0.522708862311382,0.31156794528324067,0.13601849042870814,0.5613320180840532,0.7637461001397937,0
0.9391744095990503,0.0,0.49639620856957534,0.629994365202198,0.3755051005861719,0.46874856419498667,0.4163497172842225,0.4930895340431582,0.7562542986406463,0
0.5499272394230109,0.7423186570763267,0.7271345923254244,0.4635812451818864,0.7574303957700549,0.46652317078351135,0.2670521905900567,0.24332435707574998,0.3058633983011822,0
0.25361171122469933,0.4695089411900648,0.43534816092916634,0.3642510791433609,0.4530210863177715,0.5325330101302923,0.3077732960212555,0.29915698017677345,0.48193300860049265,0
0.06355007118805833,0.4185830704318664,0.5511018856052925,0.29816933365555937,0.2714642204530525,0.5660462464178376,0.19873435042074017,0.5855124235582303,0.37798739733561343,0
0.7888329050919415,0.5116831756762515,0.5495601147398065,0.37056319319753217,0.47340421046809344,0.43302169164202026,0.618426399119242,0.07748208539515064,0.5821220052562536,0
0.28147572221843303,0.48800353436747007,0.36854071958831486,0.6087839953053658,0.4186039816771645,0.2960642614694495,0.26342391910048724,0.42065819530799065,0.6084365044101229,0
0.5153264075388772,0.7653972730528984,0.6419689919893643,0.45954304939513324,0.7516647555708857,0.2892166902910163,0.3149212025109418,0.4978459700421795,0.7860035850224963,0
0.49058449024131867,0.5814743457968032,0.23130870560750222,0.16210858427111924,0.4134684061373529,0.420397143932131,0.4386168981237101,0.7477129979365259,0.31419495748173637,0
0.9713641622952159,0.35189830932406785,0.34823602697591655,0.30227661174272524,0.3737993279427876,0.27097657627585564,0.258365652352069,0.6428639599481774,0.5051298692660743,0
0.7230894555694719,0.521667037291918,0.47856083727347337,0.2193349197592838,0.42440841947793123,0.4504103357465534,0.46587011957856667,0.2837865189107438,0.4164045743741145,0
0.45172915418401993,0.17232033465514585,0.4410155433984699,0.22514938294932205,0.2810409030571677,0.7636762512203101,0.30639300587847473,0.5635594850369607,0.44393947927944577,0
0.7733629666653026,0.5946163318014959,0.261657936840959,0.5122625923943446,0.5295117499343528,0.7231675786261361,0.7201820493986231,0.28030663749493406,0.45639226419320544,0
0.9556065485963455,0.40582405370239405,0.48414212338793006,0.4819622279070787,0.5325802107402912,0.5653727449908602,0.6190395262118603,0.12296631242758875,0.4967975569594534,0
0.6926047051550422,0.763150968964052,0.6419534179206905,0.6453388802204272,0.7308722611538138,0.6202882918014795,0.02845552124580366,0.1798592670585143,0.49107903928286134,0
0.23860426042687338,0.45896361061716207,0.5414426744965684,0.5121828181861264,0.458099405129341,0.4517690818342109,0.15373399093712506,0.8892245732143814,0.6145781446308677,0
0.09764447073206647,0.731925225947181,0.7178623291819618,0.4824150382512801,0.570879862384321,0.15042499147200167,0.2337218706967602,0.46968847947131004,0.48212082776369863,0
0.530253372671983,0.3931396109990182,0.5558999551751578,0.33596305884241456,0.5752525066107584,0.6643406127303005,0.6644556707495975,0.31978765161286216,0.418833511890287,0
0.5172210691810198,0.4133954556182544,0.14487249160024027,0.0786623851829684,0.23080294153457492,0.5021238461845796,0.24193182102431499,0.7788038732842539,0.47784920243954265,0
0.39561846253936034,0.08327177861036525,0.4317353169221637,0.4947640708597771,0.3390934204011856,0.787358427820585,0.48366043411926696,0.4009579173932573,0.8200182958212457,0
0.04716555820209605,0.25919230161791545,0.5122488825388569,0.46051079972428544,0.27369081343409885,0.2345425095509616,0.23700058485436792,0.6590666277740617,0.4488133646217071,0
0.07397643941396892,0.2902622647734343,0.8490868171900845,0.4431669822637039,0.46675498332493887,0.5897820040836781,0.5109515241453715,0.3149082269812943,0.42511997438633026,0
0.42626834675167075,0.3728439218571729,0.5446950513256326,0.3258235298497655,0.40958995222857464,0.6119997388142034,0.6056478552528596,0.3989903940756319,0.09993798210765827,0
0.5373771011252277,0.6313907439949872,0.712416978791208,0.845486937816816,0.7082293318463077,0.4974157953783043,0.19640324708530785,0.5374804531867393,0.38844038394512936,0
0.5492616273748265,0.5518676302659392,0.20854688155543558,0.42056870458257944,0.3935044521117377,0.6709121274940731,0.33969117888304295,0.6738333701266358,0.4511418214665903,0
0.3646112131116302,0.8936790054440964,0.6078541694174519,0.5651135014813928,0.7405219645233967,0.6930290739121998,0.3805801610104463,0.6898563526716851,0.26645577518749836,0
0.4185784465786942,0.10156658604027907,0.5302408931523661,0.24623391805033432,0.17942317487066983,0.8244973100717378,0.24386441000250977,0.8374852051947563,0.5505901049205892,0
0.46595546296211704,0.7235199563209742,0.6054044957405954,0.5950162302569838,0.5809045099914558,0.5850157296355246,0.4712668034410234,0.48225885404889435,0.7228359466228639,0
0.8728322535753285,0.5152718851621062,0.4770732607384481,0.45774840353923063,0.47869515750782066,0.5076045839470144,0.5898789305110315,0.4173610921604679,0.3592648014194967,0
0.7185086125032735,0.5607811071019675,0.6380826208701987,0.3977384825361141,0.7104716651388672,0.6771047380014351,0.45376263542995315,0.21854305992110737,0.16205697738801356,0
0.7578390260809627,0.8573671434354719,0.6235786886218033,0.4309985148752997,0.6919621577532175,0.8575839470848047,0.6000180912516125,0.4153880249676261,0.03478092371513738,0
0.4905209782512189,0.5403757657287959,0.2546312778199299,0.2927835484990683,0.35904771105838507,0.7751380803505653,0.21869309157538563,0.3781605246967724,0.42251455925242976,0
0.3857690566860005,0.5070090425766623,0.5947684762201756,0.5573462339759925,0.47895191483812605,0.76832846787376,0.5825597428111524,0.20540080143579093,0.8280033953864822,0
0.5065726232147902,0.6513183685784613,0.5312808596912096,0.3795732001441965,0.5402547598418015,0.29147448425878403,0.2905809760230524,0.7818888379127126,0.6867248845152325,0
0.30163643508287785,0.1140266318067243,0.4774087990396054,0.6332720193318675,0.24524118311087525,0.5316076933310597,0.5274840312935458,0.7582525257000506,0.7585044306278467,0
0.5230346105586471,0.01605759852020018,0.5483001504983733,0.38218279163621977,0.28929049023373504,0.48082716359186456,0.45880691005916635,0.46957877054758784,0.43633183714690815,0
0.7773175012979776,0.2879520021040655,0.4634949212832118,0.5749095474099253,0.436608698906543,0.49981311226656144,0.26532891037752765,0.45426184106308776,0.2935499286583106,0
0.14465590984275514,0.3105082320508261,0.543278497251443,0.5325925603523163,0.32503800482633155,0.32799582455798776,0.44951800463426433,0.3607231271961048,0.44911982642087145,0
0.6932961756328497,0.3660626667331266,0.259774679465873,0.5442553939608874,0.37882610605305705,0.6045907089231349,0.921657417990971,0.3360026704221963,0.7623579333548661,0
0.6887066144445323,0.5465616960827264,0.5113495830694736,0.6438189552983165,0.6212839862618339,0.5175691293614885,0.6529747804631398,0.4541526302903571,0.47563267518890456,0
0.7361296032637912,0.8662332140002618,0.20985922820000702,0.6037476628550351,0.5711141408119684,0.3164293101935971,0.13674466227632454,0.6385816989232743,0.8674852658412251,0
0.38026118794915287,0.4571200269493898,0.6193340447804225,0.41262151478314474,0.5688178424118072,0.09811076394369089,0.5148795385915161,0.5835134691380179,0.4998076289225986,0
0.6796042981063659,0.4300436823232775,0.29137452907854083,0.10335826724131132,0.37759635300915273,0.5810981707509707,0.6600460690780402,0.2938061952995498,0.49627323233254445,0
0.6094586038239995,0.6868615986308241,0.27947010242250375,0.5214123300054626,0.561478338767249,0.5405738718280901,0.031114619668077076,0.4624577686014783,0.5618390818268896,0
0.5900471598816126,0.8513427691537516,0.8156019922821818,0.6584885366292519,0.946635808589076,0.30558024796812555,0.6756354343804967,0.43137071806263116,0.43984237543332827,0
0.030862182524359686,0.5966093153577744,0.44909868439538214,0.6816400333340198,0.5747081142581918,0.33774043109034174,0.7164030540340232,0.6888931772934014,0.2198965619610504,0
0.5202325952270304,0.9120263753873281,0.31084106901483166,0.7371358753477053,0.6206956653451172,0.1969407524077717,0.6566798030596425,0.6846282747123384,0.6469873362610562,0
0.89774852074416,0.7764267836531322,0.3385941540677696,0.27974345989061694,0.635970330662606,0.446693496884354,0.599193831582147,0.4387453550279872,0.36882378714271236,0
0.48073357405119777,0.12084407253699679,0.6115897914319761,0.4946449816501574,0.3740132088261656,0.3117565835204814,0.7274347096675777,0.6748500392845507,0.46425664550361245,0
0.6964813793073744,0.7182881675025847,0.6450837019967791,0.5871149706110756,0.6713490007607891,0.5115466836947863,0.6068210868437749,0.5802783518940651,0.45125240265403394,0
0.9230826784759377,0.6294717506346043,0.6165444688145469,0.7249632405197948,0.6726321340787826,0.4021392502641027,0.06028352218066071,0.4206973010172754,0.3354161603489164,0
0.544375266561333,0.5693097252754746,0.5547508709419546,0.8140250433758398,0.63787954771541,0.3582665887432487,0.34028465617590786,0.516453101122551,0.6031575524350562,0
0.43290585991850955,0.5349273395974663,0.37819979178798485,0.38212124278335524,0.46660287439965153,0.6212932011409164,0.621993465655263,0.2635044524955979,0.39803454744566863,0
0.4506265349598968,0.21587328953078946,0.23884305262217395,0.07190603374267562,0.05460217122624004,0.5240184345421036,0.5503072528699323,0.4751072214307322,0.46076663158702497,0
0.2430341941434315,0.23760015355867295,0.7816321671117391,0.4984343091966371,0.43513836294633795,0.6631309587600085,0.7222803358302279,0.46322504527393116,0.32588714783371425,0
0.48526541768916365,0.24025291189331885,0.398187916056737,0.21948690652243527,0.22267655259869873,0.5278751149441915,0.7261293530336983,0.3728636161275346,0.1756450407787197,0
0.6225756846830883,0.8110126678516254,0.7184323363181907,0.8164671443853577,0.8170629373961393,0.6033088135183396,0.3507616573794508,0.00028298133881690874,0.3988309739157005,0
0.377705778656298,0.5046401609495492,0.8038733827534341,0.6260688425985379,0.7206756914967624,0.35137384535396643,0.8230525685916606,0.21248210379432464,0.5530510166333055,0
0.3988598458136228,0.46923029670343297,0.627736905084328,0.4995676378245522,0.43125166272399185,0.546935073272058,0.78195617680383,0.4367271069353409,0.625981347749487,0
0.37577432644789494,0.272077169140143,0.3260487160876447,0.5443053359665452,0.36647477007227486,0.27865497134685446,0.3835270553108062,0.531945716855215,0.37869595542756257,0
0.6421659876445803,0.38053592339642234,0.6206269571892005,0.7368212214647493,0.503975444374062,0.4333421014337191,0.5881984888662554,0.6771702153119336,0.3538099880634406,0
0.8268943483496975,0.5332034656454513,0.28694966611233985,0.33388455509371334,0.4687966178062871,0.5139781613867369,0.48678968934676203,0.46740680886602426,0.44883818081110566,0
0.6470918933558559,0.5262401878922894,0.6049979795095014,0.5162626553232986,0.5507026067391233,0.7184879623963885,0.5998235311734663,0.49894395384987716,0.5739036438510478,0
0.6075611381756295,0.5475150830746026,0.5599658392944143,0.5998641814635487,0.5221195092576818,0.5940488308554421,0.5914231673098611,0.7333273954837893,0.5426206690579548,0
0.23426714440056362,0.652445895267998,0.48457283063850887,0.38826838453623935,0.3942036030472174,0.40981653924734424,0.7066355709983485,0.35406095079306577,0.3678747956422415,0
0.3943498052938803,0.47574034309428315,0.295990078518325,0.33367807850489256,0.4629704395012325,0.7366665801383729,0.5177379215565332,0.4313842223933203,0.3981588000520738,0
0.8535621348237203,0.9273145718076843,0.1838590899708608,0.6538016758934164,0.6233093832549766,0.33615155642853595,0.5380257994077938,0.3392153237712449,0.6563411275889357,0
0.8356948036938182,0.22203219789969084,0.5260548678723146,0.4736698721198051,0.497774592674216,0.47801907564621554,0.6296108796185798,0.7783594698367493,0.7236699125740969,0
0.5782165110209249,0.5182584765976909,0.3607195958948633,0.8499774949690122,0.6199342926554676,0.4854862869448247,0.28367404163917015,0.8988102011039097,0.25040231475191466,0
0.33810774254682574,0.23588711113502583,0.5546517729161496,0.4237738951902223,0.32408919791246865,0.2485645586450573,0.34943286722254824,0.7276959131565557,0.6687848190097401,0
0.4423795723069331,0.502899601043313,0.3910576532876327,0.16762209943241563,0.29179538615296,0.11703581546159507,0.2446420010529316,0.5873354411480894,0.6419451532298084,0
0.21304338686178825,0.3987303159225113,0.2985645713437671,0.7331880626958527,0.4444954781706077,0.8555333766277378,0.3887381273658534,0.44952688164519294,0.6045938640136191,0
0.4845414457239789,0.6267212568084773,0.4437100363189636,0.5213143036622573,0.5312136111437235,0.3433871567244621,0.23146372097396364,0.438880527194553,0.059884775399851244,0
0.5901505459288426,0.7353757464772489,0.4815303800974221,0.39618756543260397,0.5320169097717776,0.6001963640625082,0.5015052911710779,0.15031267154713515,0.4388450826335164,0
0.7449838313525551,0.785562299262872,0.5075477195472577,0.67910462709269,0.6651556284792949,0.3960310316898147,0.30172447852283796,0.6121113070831867,0.6481023267379822,0
0.394424914210239,0.2243029188622941,0.38432906658847815,0.636753596611775,0.4743870250117166,0.6200152282958656,0.4944087044568547,0.457639273919412,0.5846417353389927,0
0.3841636754208288,0.15004974133561105,0.20966821802761218,0.562497523717369,0.23249757503007043,0.4732325363515007,0.6163879239782752,0.3162714085483394,0.6556923021956294,0
0.5362482338538667,0.9934046861512643,0.32211006334666553,0.6229482535475639,0.7448844069020935,0.4745599197998358,0.6347705291764645,0.5307556045826354,0.4330231804705338,0
0.708086164509672,0.5303867321886316,0.5899375631052616,0.4789053795526164,0.5898499547257543,0.24031771839062288,0.6857492048188145,0.5275541667905154,0.8051218583846053,0
0.6452118169693817,0.059217077148318316,0.22467104825795153,0.33485890707855415,0.18292416854615415,0.6349018725913689,0.3629010835417322,0.7856696614530285,0.24534944761720578,0
0.6633272680820792,0.5594562560256576,0.7871492130486845,0.41235611045647047,0.564645434073094,0.43880250540667576,0.5955003835921375,0.6602844329582253,0.49442980716459906,0
0.6036673862667902,0.4622049915352611,0.16634073787121129,0.21049335788745485,0.30249329120327945,0.6782294120252913,0.5650861642814632,0.7197153752826625,0.6449972016035994,0
0.1652280508928096,0.13861202086089852,0.6438168176591943,0.7311749933385729,0.33067413770892873,0.5170820534087477,0.6651091521451632,0.4614520489947517,0.5965028262979747,0
0.5275703007006491,0.5279688380912607,0.5292444112492692,0.5781029579970423,0.5354316570730822,0.8374045367867358,0.4499610994668586,0.45684023358768167,0.3998207078863676,0
0.47942424784963455,0.35702303180337386,0.5366670001216123,0.297110316034004,0.32719512621593994,0.6265070213522367,0.33690051116573416,0.48804507330312036,0.4632937294453963,0
0.38431985420489867,0.5222164437441209,0.6918119232565175,0.7145697608358615,0.5733247220735287,0.3099651931131283,0.21374655158465725,0.6555711148677801,0.6514327843154998,0
0.43356729208656414,0.4056977913421775,0.6500101100518454,0.5698161140038654,0.5583466298664775,0.6070321034409949,0.38421636830166506,0.3367717585338323,0.7071289137400628,0
0.2804282089017135,0.7253774632618637,0.8414981746012918,0.720859255786804,0.7257160992224164,0.8411242969244975,0.3826686501011762,0.37054223227100874,0.2393971561911184,0
0.4668244715151612,0.32379908983846456,0.24240681284064064,0.49840725919744644,0.36631327287286103,0.19498612089364592,0.7354504436112999,0.4492139695958109,0.7950151655352918,0
0.3518738562706719,0.15082766417576013,0.3007201260171754,0.3188319402953381,0.24129597263314206,0.7470887747174793,0.3680113547215283,0.5186463887813451,0.5128436145594054,0
0.32293402028141643,0.1823235350952124,0.36411008300115383,0.4200213615629724,0.33675451102864906,0.15705925322296346,0.46739030462737224,0.752788395275041,0.7898967272609138,0
0.5988787030912701,0.37399937470463634,0.4065680106094796,0.5548770768801854,0.5221954149844307,0.3761155927151811,0.19901511000963376,0.6171786199341929,0.5462487816589326,0
0.5432989154352958,0.4298739650703808,0.3597336954550998,0.2701762585949499,0.4197741878404901,0.48265711582370324,0.5931631087396136,0.48069114991173023,0.6021895731074626,0
0.7956812058777454,0.07617734103537835,0.35372643741693055,0.15481317480449786,0.20231016822229528,0.6613719709260795,0.4268534601770811,0.6941803486565187,0.5540552023984056,0
0.0736271982594565,0.8297783146376209,0.5249096206593064,0.5695589619169862,0.5862401228482522,0.5009253726724767,0.8397190850854926,0.1741426693276795,0.20085134466192436,0
0.8664066677738871,0.6101402846861009,0.33849384648672165,0.02155687993038997,0.32444894963925824,0.4938218605698957,0.771706399225485,0.5440795196688732,0.35213651145357067,0
0.12606633909647838,0.048644425798259366,0.24576255352118767,0.2763735939039958,0.15316475921415693,0.5402796041555133,0.7371442271356113,0.7364589222039376,0.6144634628274693,0
0.3637430278335482,0.7132268841197663,0.3609893869790898,0.26725409973475306,0.4114475930716819,0.2798001982919929,0.4409107987003535,0.18530361085546157,0.8444390385926076,0
0.6730527325002632,0.4159978873174291,0.28546248603988744,0.4325770292632452,0.41488391504059674,0.6472258749228313,0.42178907925335407,0.7434631386124685,0.41726273574109113,0
0.6119822231571687,0.2309166429965914,0.168022438615699,0.5090327860386397,0.13811264130697284,0.45709540716404823,0.6154962809628348,0.4611406876233933,0.5614491919944962,0
0.6186885276763664,0.9624115022766409,0.7696534388416277,0.4777907723908296,0.7715068308893921,0.49678245121694414,0.4647945251414172,0.3861294016780882,0.43414735611672933,0
0.886684374342643,0.674083124318774,0.33026767032118554,0.5372480180755168,0.5161559188179867,0.700555769490828,0.7530901497758381,0.48873917522346244,0.5484672103720905,0
0.43054721267185037,0.681778653627152,0.7792099666478747,0.7299504933291828,0.7494058450929252,0.2725332404295844,0.4053938079424971,0.8620129958140419,0.6457781937352988,0
0.35081185286671646,0.5693643655968563,0.4945313053592474,0.43218631575470456,0.5910870349605087,0.5854652709461163,0.5262334900738822,0.6352214343038406,0.6688693512847147,0
0.2778918498840443,0.2733499767854372,0.5634506685255685,0.3927546008464527,0.340868853679653,0.6568173128786129,0.5361041184039879,0.4387966958631719,0.5445362836325867,0
0.5076419895028219,0.4517357992247629,0.08985838392957349,0.05498904079657802,0.14320916751481166,0.44195325331035257,0.42212231740750683,0.47156046097462107,0.36663355885306315,0
0.7383523905100283,0.7035549052111632,0.6353679892359045,0.27039291026174495,0.5881877262893636,0.6057706061116,0.5175365442366018,0.33843233340389195,0.5068434372363485,0
0.4467295212903783,0.14774853615009959,0.5713244954608306,0.511272981610984,0.3155708452637634,0.3839958368805935,0.4811017859382964,0.5937962357378711,0.3958963260594153,0
0.5913843990196792,0.12362303238765268,0.37000922067919995,0.5685576079541126,0.25454858326640095,0.8731291574555927,0.7473132703561505,0.46145532024718433,0.06554876317714178,0
0.8736476181550603,0.7655458267445178,0.23422800974277008,0.3704881802519375,0.5864416903706052,0.45303250946628526,0.4535716645047263,0.41936441322566664,0.6723098057005514,0
0.7547184131918838,0.5393895291398121,0.4331506120766406,0.5140282975923178,0.4843811003934443,0.36563642385859785,0.5742692935364786,0.3750966117288843,0.7200477278950546,0
0.25102665996711415,0.9851966623771337,0.5861836842656437,0.8903624856838886,0.723913960980482,0.6924938525695917,0.7200187643502853,0.4424374911705944,0.5888157803202854,0
0.7021285663615229,0.9241424022032116,0.5165450903844295,0.4064693702415294,0.741989919146223,0.8587661631151366,0.45524353898887765,0.733613520665657,0.6842467865346681,0
0.5845728926452434,0.3982776866123349,0.26583355524790475,0.28025764835623596,0.32038642192694,0.5948220632722211,0.5823020577208777,0.44686875311576524,0.45261072819202786,0
0.1668986387337003,0.3872291959918644,0.5568869423554408,0.22359956132531425,0.33162197313468117,0.5054690867136908,0.6893966269424311,0.3827419781640583,0.33143814514739706,0
0.49378186938229757,0.4143671607444676,0.514161351386295,0.41992385752051564,0.4497500631470867,0.5953611409868665,0.596469758200666,0.49617263789734084,0.6873030976834326,0
0.4480064659958872,0.5396388150537268,0.3800094426609619,0.3628454354101573,0.39481950778044483,0.4626641159929609,0.5869705658253848,0.4847157068117532,0.2475763229111388,0
0.06652579330145812,0.5274022972522091,0.6266844875157259,0.3163495908336066,0.4827567475279573,0.19854772041064636,0.6747770087340629,0.6032317353595267,0.34279662344612516,0
0.21471701288098907,0.5534648602868439,0.39090698978099914,0.6248807776659013,0.5811094682934,0.47106356492086265,0.3096314040806251,0.2775764670585031,0.7879652826660074,0
0.5528454125057654,0.5716976105930681,0.6366516766868683,0.4198260926970071,0.5260128551550721,0.712267189651997,0.6547257042719947,0.488125767838791,0.44051368425944754,0
0.2030075255262498,0.851402303695806,0.5078170017992235,0.34676134068500286,0.7160263175453998,0.46499664101099303,0.6247800989197246,0.5047867209460887,0.48561317776112595,0
0.8034622492276376,0.9323511924766227,0.33465760403643047,0.13792714444879176,0.4986692444990121,0.668749031385148,0.3258253626127817,0.8843880083504295,0.5133398017403586,0
0.6009816678232814,0.4401481679343489,0.4533567104973506,0.5102514152402846,0.45971347921568,0.3316931066085612,0.6369584469403374,0.5254444756979894,0.5132031808605902,0
0.806771493313742,0.6265748093500383,0.6232068823492201,0.37631858836660026,0.6050680284729391,0.3245898115243789,0.6110202271162223,0.0977624346224295,0.29082100789695725,0
0.4090250249941798,0.5664031161001319,0.18522295636199487,0.35503751158673497,0.27352949206531074,0.6434555059487452,0.28409689730500215,0.5961894439299678,0.6242602481803539,0
0.44262567629543575,0.9825015776610634,0.8312050627781067,0.624077633242915,0.8963641274138963,0.332337921472925,0.5426667115357048,0.652131222919619,0.5530704787728578,0
0.46496445477627807,0.7183599883092471,0.4108994369698139,0.7053394034695818,0.5429498903638634,0.4069364497432966,0.4726700900712867,0.6526180660566929,0.781287362628063,0
0.8117743637754127,0.17735485762872447,0.2898076844586512,0.7922853981540875,0.38932661791229933,0.867207363839738,0.17460258767628797,0.6323377367196791,0.4755396949117409,1
0.7575885630981983,0.06524282163155595,0.4407423292276297,0.6116419468087197,0.33918523986083354,0.5533685161532562,0.5224395500117495,0.5876682686244898,0.5016807629167533,1
0.5189832262663732,0.542036916433606,0.45295547219185595,0.5693140726604345,0.27639580681723774,0.2526627899884083,0.5090466444100928,0.5950467701330697,0.4909107088218123,1
0.5813650415601679,0.7544509026603019,0.3141078294795363,0.3931368423020603,0.6900980276878852,0.4768151223967026,0.2794334099945375,0.729629509330237,0.13410042739245046,1
0.6671005001715214,0.5663698958419369,0.6254864582089783,0.7141850797339817,0.32795212361951165,0.34841408546908476,0.744668803234945,0.4363972021198599,0.5175634627959808,1
0.3807509418099768,0.6171160110053432,0.3531577190282881,0.717992474362702,0.3792306777970379,0.47951930408487503,0.43082702165398157,0.45514026034422134,0.3949049739327559,1
0.21492731371281407,0.632430474898985,0.3625237359973531,0.5414043647333731,0.23629719328191306,0.6206476158001557,0.5645578948476175,0.6337005241998075,0.5942846117952828,1
0.44728413526589,0.733563667545153,0.43485901376740876,0.1922580794677557,0.9755335301453306,0.44365077077312504,0.35289502987276006,0.5807775039201204,0.6091193243550603,1
0.5981336580810952,0.6008036161079481,0.6667532123734861,0.48293644710785505,0.6300364735683284,0.3502840773627308,0.5257054996569369,0.7061577052537424,0.3552870212701164,1
0.2634123423123346,0.5906914475284891,0.3281004948233987,0.5132614777844445,0.4495266220492325,0.41492444961640446,0.6922335108926466,0.7020318639019382,0.4718912554604388,1
0.4797256287057059,0.845188860357059,0.48290530903577666,0.71116351091614,0.24126932862272926,0.7492432079864847,0.42218595276542953,0.3834711323580718,0.677747440169795,1
0.7619441330677375,0.23782857001190427,0.3477561938702628,0.5149423099021232,0.5462466534618207,0.5805259570383278,0.6964355594456948,0.6981495452139407,0.4225783561921539,1
0.5341647160171453,0.06174567139092499,0.6194952720109657,0.8314999963186518,0.08535451677350749,0.5278779478330993,0.6643049235810702,0.42046556844282895,0.8207020303718305,1
0.5321045301707916,0.3635780437265279,0.5035666148583559,0.5952520035839026,0.3063094254273468,0.3808364516269837,0.6714507769855498,0.38805136213838426,0.7574385886901498,1
0.5233347004870851,0.36769260537080906,0.8004108371182036,0.617920789287813,0.43507432543005037,0.5919993833129096,0.6010540310316762,0.5567316402502559,0.4488432234048267,1
0.5071433342558235,0.32716620808193997,0.6660236826522677,0.28616134798103365,0.5806957178460462,0.33578320725549454,0.7587900631053142,0.07755005823287604,0.38302737508845086,1
0.40458320583364565,0.8895469527317958,0.30354166857409237,0.544198326252691,0.47630281085327636,0.8023967879042199,0.617798236571949,0.5845953491762106,0.5300842527676821,1
0.8568249642735241,0.07647552523332352,0.4593082863578081,0.7855015693710496,0.2999184995723516,0.5001004268201429,0.3578087105247775,0.6456701493235035,0.2547602108131894,1
0.6525907240126836,0.3121826466910967,0.30705405695664134,0.9160460879314309,0.06685381766713316,0.42014112955837957,0.4646701826199368,0.4381229924856608,0.7369592374735678,1
0.6201709885270038,0.339921051044967,0.5256964611549078,0.8040829965641912,0.14612472348955774,0.2794392435448892,0.5984030856714814,0.9871200451857008,0.6709335773586619,1
0.43888284953968343,0.5129021579099612,0.7598555869338101,0.696999853399222,0.21785188335437447,0.6110739839975156,0.4997995334928493,0.6393401674896331,0.6685537897768696,1
0.5775696403411947,0.24692060688124154,0.5847566705357404,0.6522711498623333,0.12239840739618062,0.6527735511023778,0.45828932983219367,0.4915771632735904,0.5484148657181824,1
0.2117136623069942,0.9555201570264891,0.3956883378056762,0.1737293806748758,0.7096864698155754,0.9031071073567783,0.29873535109505944,0.7043459666983221,0.329190355595922,1
0.5881941048936722,0.4061074252106318,0.14057035677236224,0.2793130343916304,0.7738722142238005,0.6978307527932661,0.6488296750395479,0.4050100357813891,0.5737971032616519,1
0.663015123837464,0.5914691952860535,0.44409116121542064,0.7066982131089361,0.22199934921503092,0.6082912667738632,0.4007738674078878,0.5034297670547209,0.3685717635903922,1
0.7585961926526307,0.023109117847987755,0.3450651299132911,0.3764931469121479,0.6889546371055062,0.41922821934856425,0.5370794311626081,0.4624292342450966,0.7253623315357708,1
0.5132188717795158,0.3835328795301405,0.5756557211682942,0.5447758554261853,0.4008579986064804,0.26984777188164943,0.6147128185226804,0.5333466142265315,0.3671253544569838,1
0.6351922296831598,0.4938971593308747,0.6578327157830849,0.9250272458146339,0.33239355026482903,0.2664090607391731,0.23919298903603167,0.5753987646980504,0.4298886661225634,1
0.8897160218582064,0.09522687312138968,0.25345655761795943,0.679210174607158,0.45144320686887424,0.5347943318651468,0.44374122078350614,0.8039729456791541,0.7743411411626823,1
0.32475762108486206,0.7099287221232337,0.3751956434494071,0.7075117220594069,0.3075801238338814,0.7817406111551497,0.4933111293711606,0.36027475330547054,0.41808540532333255,1
0.4701631674258366,0.4431108530510041,0.33790696606909193,0.5446209171285458,0.4199581917379517,0.6587589914315726,0.794953254821402,0.37161320494221,0.7813724700564916,1
0.5346996842781893,0.746691144950334,0.8058113863799253,0.25489463008175955,0.7094437859147202,0.4080445738671844,0.6511955293431178,0.7739621238444095,0.5452017599326112,1
0.3498970527906232,0.4259047387628719,0.9868469880328826,0.15199062616274803,0.8800554665410623,0.28819085448670784,0.5526397154857691,0.4210473290890932,0.8631384289248208,1
0.5341973962629254,0.35889349927784103,0.7595224334763915,0.8008013229538725,0.14220779778427753,0.5178066870360856,0.6083625008777135,0.6806895882066859,0.6160572082689818,1
0.6025063521687763,0.24937605340710206,0.5187572315664668,0.7466920308443604,0.4579005352130643,0.20628323677283755,0.6587595945082422,0.5734465714511312,0.39427855045533894,1
0.7751539549846028,0.012982613796998268,0.5931936373232382,0.36992576449701936,0.5465122209951936,0.39498423698154467,0.304017587522662,0.3619681357720147,0.7160639991756426,1
0.5994743563036861,0.4469848698401056,0.7304892501384783,0.9990318228775932,0.13752776931963318,0.6776377298554843,0.7200199442406581,0.7216923670944884,0.530655094383453,1
0.3114384738208314,0.876307642843882,0.24643453434765727,0.5099172370329398,0.4794638224685156,0.3724309753769872,0.5714845994419525,0.32163745420703627,0.09817041997548188,1
0.8313791704298051,0.3120989803189866,0.46992358067971246,0.6025400848414428,0.5599007937027818,0.296235489579238,0.4985607542105749,0.3156661735085227,0.7771135214846938,1
0.49192038898212453,0.6012660063691401,0.6685156433326461,0.5684768361775518,0.4405951434571902,0.39134801821669346,0.42972186985417465,0.567810617208333,0.5029124941869404,1
0.5832884022618241,0.2221326794909918,0.5113395404015205,0.38590735123518377,0.5472320850583458,0.44247780326105085,0.4932007036414064,0.4761339271696735,0.5688770472032623,1
0.2879927654669451,0.7738065116598073,0.40306518177529177,0.2998993451347473,0.8080127359627138,0.7758762748222091,0.41228822676160937,0.6582316839457569,0.5463425668063092,1
0.3031670919345307,0.866582593197208,0.46833394559555075,0.6562866194513985,0.5682705023687775,0.5947327997789393,0.45052678344126706,0.42622099525179635,0.5475651799627477,1
0.5666299454376688,0.2774953433273564,0.4239672209516494,0.6719788735879434,0.2902096752860864,0.5292842282504671,0.4415192150794065,0.6636789474981739,0.4174496772054515,1
0.47697854488310987,0.2620790286660369,0.28234067610902214,0.2508764988585522,0.6940694859971588,0.792152774923561,0.38042727496489526,0.5405723989065943,0.5993617266431831,1
0.6937473506678835,0.25266138137658695,0.4033885426797638,0.7268050311376405,0.3843216270393934,0.6587255145407086,0.38233129967354,0.3319646535305408,0.45200141247540054,1
0.6338829214001327,0.3566153718235459,0.4747274142830667,0.5451706199857036,0.4114201255622872,0.6551071210141654,0.33319509827150845,0.263592041370547,0.4473354903858252,1
0.8182627832542813,0.43105412881780397,0.40078598278589855,0.5497790595756015,0.7650880488368533,0.4609071447269572,0.3885313517165617,0.4651747788095407,0.5452053602597542,1
0.6322784170931725,0.5140894204466113,0.1963423797555434,0.510617273291368,0.5229995248409792,0.2812338702990771,0.2048541444321967,0.22291345910779878,0.4184726548436995,1
0.4225126010502096,0.4506905923502732,0.26266818355853666,0.5553129466740799,0.6530352688503993,0.6683508932554475,0.4714091297655424,0.858547687360348,0.4415283080714179,1
0.5941646506387891,0.6030636696927719,0.5625544417103122,0.5634125835889346,0.6445341524002597,0.7582513270838471,0.5497023012249651,0.9804837756673718,0.5444670923321717,1
0.2538145432253229,0.6828896985911111,0.6901012441635941,0.38284818286017314,0.6828122122912684,0.3442812225964888,0.14452880543589336,0.6301119083548464,0.4902678481355219,1
0.5586152232093778,0.6360648950753295,0.2654431891499457,0.213713319692296,0.8541338054678299,0.7024690471625425,0.6550465553322135,0.3870136702937524,0.5674137956473808,1
0.5047383835273381,0.14448143980364536,0.397480345620028,0.39139621457173884,0.7039432298948389,0.44569950626373955,0.3909032892220572,0.06672587997642447,0.36172438465379503,1
0.4806038883275949,0.4624928546237881,0.4885493955182031,0.3098378291478519,0.6452401180472579,0.3272577192090311,0.22794421543852178,0.5245670723593625,0.6346809658260455,1
0.21449758420347997,0.8381647673386633,0.25139354243460443,0.1494505568193108,0.8102323496248592,0.8990701991521904,0.7164985174313413,0.4552087509792752,0.2727069165194267,1
0.4328265370387463,0.7755139406341617,0.6589851362650033,0.45464110560425014,0.5390100212322753,0.1411154186881332,0.45469208726287563,0.8156157270736815,0.623327353208728,1
0.31969806913750426,0.6903135506865827,0.6319118252781589,0.6111453636588706,0.30926234690946214,0.33163795772507904,0.5364545407626489,0.13386038633932562,0.7546805425510861,1
0.3632227881841973,0.48751070944618774,0.38413196408494016,0.16259811963050735,0.8412220590954747,0.4550420068346615,0.3401337081434854,0.28663741412299204,0.5472470554866593,1
0.40878937717854996,0.3999505970882234,0.8111126301557018,0.8575679522596564,0.2211555274915556,0.23523491633008026,0.7157593038292651,0.8206450898622392,0.18535195033984483,1
0.3664824322866975,0.6762495895892756,0.6691004382907004,0.5316196161714445,0.4813534615306573,0.8937581907599218,0.6900457645539176,0.4858413880810096,0.7047848296648279,1
0.9184370243938026,0.29016651940057014,0.41897844134247636,0.8711857424983771,0.1925831991642614,0.5429613973853401,0.35801671608142593,0.6895707175036063,0.3104369783487942,1
0.48201735062389217,0.6698838419514132,0.6511903586328645,0.9276362560468262,0.11657040675191765,0.4102812158478728,0.32728587241166546,0.5187513152967836,0.6391565141019651,1
0.43373267344356475,0.325574319826657,0.5601099232992405,0.1811594385127714,0.7018581870888279,0.20947195653520975,0.5403738376601837,0.5911706407558759,0.6011274488005324,1
0.8497344319672157,0.3112119461831834,0.30006295925601817,0.5129111398605827,0.7472599442093777,0.37251031535231316,0.3842937659621399,0.5256839791928862,0.16515656265915302,1
0.42548527829461436,0.775240821285254,0.3080935084760573,0.7459260774654917,0.4085849082295514,0.6035058535682043,0.6717453262942231,0.7081381514567843,0.4154689931907523,1
0.6956863150843703,0.4027854539842255,0.7017243195260545,0.5532772507440079,0.580672807270247,0.42639668574068745,0.267188579222569,0.6928204193924942,0.10580829823727454,1
0.45321373625910605,0.517851519394092,0.351488903833301,0.26268382485498193,0.5623496655498379,0.3231932327646952,0.5911979483385068,0.4392794486846551,0.08433589096823789,1
0.7203966750102463,0.48676028358364354,0.5405357080434,0.7177881100494566,0.4778578301882288,0.2927452432627278,0.6209239492294418,0.5109246458398022,0.4581933011086415,1
0.5154817317201975,0.498694008920744,0.37423255762688024,0.4692171115428761,0.43506809030740984,0.7063184967893195,0.4142918799920433,0.5057951662141544,0.5113007554427207,1
0.24387965504993894,0.724528484201952,0.5714400057386801,0.34762872966968406,0.4746155554032958,0.7261473347812316,0.4529534044649918,0.17110706051967256,0.4109881069200624,1
0.40108216523528334,0.573504615378646,0.835430102095867,0.6810968239423979,0.1292741415717887,0.3961263765965247,0.003140287458173125,0.5249317003953665,0.5558588522640724,1
0.337611446487739,0.9792692330288744,0.3405483017168094,0.5752661974528898,0.4124991375530696,0.494195146180462,0.5514089858766272,0.4353474814012485,0.4805086448496476,1
0.507999404557386,0.5607459044919008,0.3049478322639574,0.6207268557048503,0.44081258483247837,0.3733487035307325,0.5295057497525283,0.5041548666140948,0.8996323870571821,1
0.6292212754578228,0.2548133628910978,0.4363164154585866,0.6643943373365883,0.2580598879107136,0.5093721103405032,0.8567832712240935,0.4253634713197371,0.5974493157612939,1
0.20332635940774707,0.8349173075970067,0.46272713762806367,0.2346295121593791,0.718133192526328,0.46459625904898794,0.6916490105648032,0.6469159875072056,0.30484396229768557,1
0.6506983160478466,0.6123648043379891,0.22712107214870636,0.39393885212643087,0.4691574257267594,0.4470219443378952,0.539151767993504,0.5756619930479807,0.31965632179691145,1
0.5015728984963254,0.3915913033310547,0.6430296336890643,0.22318726935560362,0.7704737637406361,0.8688422592802797,0.370559832190329,0.4064416980509715,0.5921017515231498,1
0.4894705490922019,0.6531511729894612,0.814712617757446,0.29985759862946776,0.5209184184439896,0.36897683000813386,0.8265691309782397,0.34347442355416347,0.7006339252749417,0
0.3343574489932744,0.44585582834408916,0.5980107798338556,0.38221464985607495,0.42678152509949707,0.6575979329763423,0.23390439890070763,0.34936226069463694,0.3444379388209275,0
0.31560090851139916,0.3761981511471502,0.3971090709096029,0.6646500785757633,0.3564090650665756,0.7777225163745314,0.2724222949566762,0.4000589447267159,0.7984751892648548,0
0.541705705644456,0.48014879866644244,0.5958559911850375,0.9152551162061514,0.3837204177036066,0.7892256740097886,0.6211209088905546,0.43834840218213383,0.4253774905326192,0
0.40148793070259975,0.5640735912459399,0.7013892699498049,0.17037754172455524,0.577489189943453,0.810363868320256,0.5897376865429863,0.5787868858931492,0.5081556523080041,0
0.8739032011529057,0.5742092948743274,0.4363958932502148,0.6106547234585831,0.531847030043274,0.6236672498619292,0.330001854853298,0.7293513909831646,0.5174679426370895,0
0.23369718260026912,0.30685057552661954,0.49419321228853336,0.8527010954236225,0.31506591845691395,0.548941347227524,0.3661777953986932,0.46598406228367295,0.482110883384117,0
0.43714518434184846,0.6131307947741069,0.4716629470289848,0.41799716934516035,0.5161651062195237,0.7339541881145718,0.7195261273377714,0.7890641836927159,0.6304122181228277,0
0.40014853216007906,0.6836918009572732,0.532338271494318,0.4853656218040376,0.3566855186576564,0.6275334883191431,0.44697767048589165,0.512698893224907,0.20192239968715858,0
0.6212488816083899,0.3972035321525835,0.43001316623782593,0.8458905115806733,0.46100133913449265,0.4090226024501595,0.32462445610484464,0.5111801698644617,0.5216532817491003,0
0.5751159735570319,0.6678917337238863,0.9149006688185056,0.4869511708705689,0.3895624792557983,0.3740174433024002,0.5001233187149876,0.5874205696884691,0.3023533379040911,0
0.48207531241605295,0.3515787514137505,0.44273296476549656,0.544887157184029,0.5023389111338403,0.5308791221134697,0.29727888586938395,0.766695683161977,0.8505687836193214,0
0.8677208630262246,0.5768360279590472,0.3237597092494229,0.3869616214197584,0.6595906258065214,0.5338394722226079,0.796397378825523,0.5058234403485298,0.5571472955983929,0
0.5788858559213123,0.3828952525852025,0.40575193736045995,0.4259036637359418,0.638036665030325,0.4270428542914327,0.3261288048498844,0.6842055025788236,0.62311316307092,0
0.4916194417164696,0.669838139216832,0.6943323897610837,0.06462490878889553,0.549098069431989,0.7287395467639837,0.46063131518730616,0.5483642873680644,0.37380223008526975,0
0.6332731753390599,0.5713728781731132,0.3421587356614416,0.3085401254114626,0.6362947282744362,0.49188804396065566,0.5563339774280156,0.6072736036752202,0.4104134617350246,0
0.5275099827762663,0.6054358196238169,0.5213462466486655,0.34744663830635025,0.4747579407385619,0.2744800844562141,0.4808359950572824,0.4323958777408571,0.4654313927348458,0
0.5592913578453195,0.5184153872259663,0.565627459212121,0.2250851197961456,0.5424958712037565,0.5390313099841985,0.5983083966700047,0.2274845447993365,0.7542414467249409,0
0.6783782031075226,0.7412550023774073,0.6143137728802007,0.31630922513394627,0.6387897163384747,0.7039239740756705,0.5061521502945717,0.3742865574633805,0.2623450346782219,0
0.41722019133905824,0.797040025445892,0.8941593842946427,0.44482242548205814,0.32493616639718315,0.5236168317178792,0.5899605932207993,0.3660781221313645,0.5396148485551935,0
0.3512528303239617,0.22716622661280256,0.48700944712471156,0.8312979454709918,0.43149176391651933,0.33450949571238936,0.4876385466531385,0.48722462779233683,0.7713515278941799,0
0.6072368983496955,0.5898087254254709,0.595128920114593,0.420966189656562,0.5371532534280562,0.38244905611219904,0.18620319959869952,0.5761673676065804,0.3680418909081177,0
0.46146519720388735,0.5275895614266506,0.5090711015234707,0.5670601159364289,0.432004796646846,0.2748123662285609,0.6362760551786535,0.4134689424802486,0.6027082307245907,0
0.7689265059128075,0.5580676191874714,0.46350161541346363,0.47836086551214246,0.48713389074356783,0.48882464027957284,0.5990725922574971,0.6349133218490255,0.6398449826740287,0
0.6357483988088878,0.3568718317820867,0.27873906436702245,0.5204111088101199,0.4998614902464925,0.86031739588883,0.5270305147649109,0.18501130764643375,0.4128241219186812,0
0.5066738836552317,0.7267276432270414,0.5832623038389849,0.09274359085354245,0.5026421912112763,0.39661366051236696,0.23256544784786548,0.2134929607713686,0.4331467626450271,0
0.6311174843138933,0.328554558798066,0.19343509103106568,0.5890545067034539,0.4775483794814764,0.5083344690000747,0.38095831314036455,0.6177214443429538,0.30570308809929936,0
0.5017212485895131,0.475860347961309,0.4662040198701239,0.4099981160152839,0.43914346130068854,0.39860389466169516,0.5577392920549146,0.7583832553211597,0.5036182767894574,0
0.3010768687524058,0.30622935797952294,0.46973528152837013,0.5599285931430057,0.44771863516322047,0.23227327552055635,0.48859214501990955,0.47431439392641006,0.5202890265711816,0
0.5309036790004824,0.37391842431503236,0.32794159618349716,0.6426786146049883,0.4690533968467411,0.5398271915234921,0.8131944222707295,0.7438948587816966,0.3525994863440382,0
0.5275201956335027,0.5330993426116595,0.31900018756119614,0.4498214406187781,0.4059543717234598,0.7388956711471332,0.49100633190910853,0.6954528399774833,0.45364727659315585,0
0.7146909231714449,0.16742139694776303,0.05034849163162421,0.7616937912628726,0.5690328471921389,0.70036644307584,0.47687873516674856,0.21862744356044098,0.09757375158867125,0
0.7079127029638866,0.32175353949861724,0.15095995086729783,0.6666905889598197,0.6038226009981317,0.4838334939515515,0.7006632648983943,0.11578862774425702,0.5509972812237177,0
0.5197218436950896,0.39924527020591905,0.2377232861145153,0.6428968581382886,0.536963836124179,0.3469291026815031,0.3697760625003235,0.6999686690456536,0.47631906120620604,0
0.5176764361169671,0.5443962091513919,0.764810343338877,0.788182283396946,0.43582764589887996,0.47449390968895433,0.6042676383359216,0.7805537051129833,0.3518592688021461,0
0.41313145760791736,0.5601488248610993,0.40801973385235496,0.06863622394891798,0.5701609508165781,0.41706819897000286,0.4341079726022488,0.4291070194034547,0.23356832821307824,0
0.45547646106892625,0.7642736153689398,0.5822341911554382,0.3950841641670377,0.38285593879394214,0.27589612746851216,0.14818560905400724,0.2621114068469208,0.257450498204632,0
0.2960941052423463,0.5291885150391896,0.6243917921012189,0.509498788915471,0.4902731664762363,0.3625313317626518,0.3541719608285107,0.4955712682032761,0.4925952326991346,0
0.5661376305912301,0.4307210031720932,0.47944103764162044,0.5391056963383833,0.49744447786590384,0.5377850826336181,0.5822344223146011,0.2971553268835746,0.6314165141979513,0
0.15751765587720704,0.4486251733272196,0.6591576521321817,0.6243790897773357,0.3433751684698762,0.5648228704140984,0.6113657481948068,0.26927934723049557,0.6593867771980543,0
0.9241041271356307,0.6297699105955472,0.23359426721725896,0.03343704146546946,0.8082764959384925,0.6444338669029475,0.41194981333983166,0.5700787444558711,0.3644512057336893,0
0.444909686834341,0.509840036774911,0.468244508403444,0.3862005996044762,0.4898317458545144,0.5463701470660673,0.4189225097412815,0.42372562969400146,0.6719553376406197,0
0.615247324952675,0.35178215139035507,0.29626147306798384,0.47647671524967206,0.6112922543944227,0.5982219486148765,0.6187576413863155,0.5197427213632587,0.3566095198168046,0
0.6560329384734029,0.4575242480947281,0.4442549987000107,0.6582931833404174,0.6080416521888732,0.39045329102090093,0.6900297051918293,0.1636666022021896,0.728186032571059,0
0.20979818986432347,0.4968661467924236,0.4255412691332996,0.22285517767184512,0.4785292678334614,0.5709772129259565,0.44344786831377764,0.7147156906765633,0.5959320776261513,0
0.3551604057725607,0.5322562984617064,0.5655844409189353,0.5706230500457773,0.40405567183339197,0.516945620853917,0.7050254570952502,0.4253544297577101,0.6445940059031516,0
0.587517378988808,0.3870180723784759,0.4095442022448295,0.6381816538097854,0.5061447542213245,0.7017323196004902,0.2892831424119547,0.4628039516212608,0.4724030189090196,0
0.6016233144184115,0.45913362159427884,0.44907573393136235,0.7597026206881237,0.5097435878331879,0.3938702678759107,0.5342035337865787,0.5835228173855455,0.29055631247976593,0
0.38562278644968595,0.3206788563305236,0.5317491009271328,0.7986242264996286,0.4250965789370384,0.6486977285040045,0.7676200630263535,0.42879457811389404,0.4674793617717301,0
0.24401803631696684,0.47720168135891056,0.38395726966351157,0.5897013602541946,0.4447095895153651,0.538532143649423,0.674898748162362,0.5025975497401421,0.6342879267509104,0
0.7125091495858382,0.5251144690104277,0.3322393275152408,0.6893056192204645,0.6114717391469935,0.5315343988025512,0.696355645083101,0.597173533168927,0.7375576892417759,0
0.5854090454399579,0.6556635540335313,0.6752075083516659,0.3906377908611111,0.436881074943136,0.7276864034047317,0.7031393893043568,0.7160338237324402,0.7375531145680636,0
0.32528772503890613,0.4241107014663019,0.38813946462835425,0.26989038114075237,0.5261694428509528,0.4609700832913218,0.5464309346046755,0.09580537029578846,0.3315256904907281,0
0.448160257390934,0.5479499296909959,0.4764639061116544,0.35409198012579923,0.3976499814110461,0.46877058500677266,0.3641215954220367,0.45531298876986787,0.22994353428437736,0
0.4373563900838754,0.4923897324115023,0.660830386772265,0.4968089030444106,0.47783060503847424,0.7300219479693046,0.3604138905222122,0.5213997025687529,0.11478002867955152,0
0.4115454980777157,0.25672746466022267,0.3376221816657989,0.558934436339058,0.542467777491124,0.2956582091651638,0.21019174488085807,0.16825224319612297,0.8515476110574621,0
0.3650737505349065,0.40180608108294674,0.2595304038647916,0.06417446518386082,0.6084013943328469,0.7578503179647958,0.18714567437191343,0.4281081418713708,0.5638933527512657,0
0.4227238568060531,0.38324294388294855,0.579109987098482,0.5203279352087458,0.4811788876849342,0.8097594341983942,0.3646386506103076,0.43434331041514995,0.9879422778443827,0
0.3816686502421949,0.4682606682724585,0.5985146906459332,0.7442345687610095,0.3971057187009404,0.3857190906181294,0.5643737580006412,0.5878053227923284,0.7144112637341025,0
0.34735615197512304,0.31973601266670204,0.4248720204625035,0.4676792223245369,0.48974529712128756,0.6767021258939924,0.508631402989153,0.6658008112761414,0.5391936903151862,0
0.28327381569505616,0.4241280025616268,0.49521141294169224,0.8280374501211699,0.42992380261239815,0.6442764449557126,0.3601472935727423,0.7466172238575772,0.2559337968177377,0
0.28848504671734737,0.6001802330498208,0.8984231232093641,0.6252794656173049,0.4287759868169687,0.3413630263740217,0.6679026519637967,0.475188829906743,0.42505484641487684,0
0.8729304131885968,0.565186810071615,0.36595562511568897,0.4880405037262599,0.6414200154523891,0.17105879983092911,0.651185730508756,0.24109333453089157,0.5330821548044803,0
0.8083147897215862,0.3535742085091501,0.19076185540203877,0.6672695461761124,0.6186163908839561,0.8764481060425573,0.636101642096667,0.9579443392503588,0.6487606176321529,0
0.5341735751066925,0.5352002405937752,0.4865789080011128,0.562602239179262,0.5298822718888562,0.3939750523675298,0.12091645182489892,0.47296228717555905,0.5616146067921304,0
0.31716315879800205,0.2226122906581039,0.44020781657265673,0.7798267836805962,0.45089180139219404,0.8747860110031666,0.5004255556154098,0.30139103063302997,0.6581590061276466,0
0.32907717051923024,0.7326356003665287,0.9268969486415455,0.34334762554829124,0.38729448573857983,0.6833797945039547,0.9691073057140555,0.5873609091993437,0.3634507753357088,0
0.24101757846737729,0.32671234868318677,0.6485489229036658,0.9525572966846546,0.3241081945290036,0.5890171202280988,0.5869288589407173,0.0,0.5732110819040928,0
0.4997952125627532,0.5382393045950883,0.5229228958731857,0.26030874554436517,0.5093110120700607,0.597696401319061,0.47282159499839554,0.4697918341275731,0.97762405761868,0
0.3380332126899596,0.48563627481955607,0.35759702781421443,0.39980732363951493,0.42876284568237755,0.4114069650140305,0.36851196308714773,0.33764933831007243,0.5623691621609789,0
0.6819127638519562,0.4135050741395735,0.282778799485662,0.5336689643155432,0.6353780149845157,0.8547074995142282,0.5876714175450346,0.6367324816446017,0.46136410229525593,0
0.3556261592515045,0.6057393361377186,0.9365482237367758,0.6000471883353555,0.39772071635704775,0.34516094633980854,0.5691661307402761,0.36010047612966445,0.5755859256338842,0
0.9158958977319727,0.6327443359038801,0.21048123315252917,0.14637822397235595,0.6715099352642132,0.7240828594242401,0.7419676664848821,0.35690931572563317,0.33667362618175817,0
0.6520822863902328,0.4122308827288725,0.42022187419873996,0.44043195244202893,0.5649834008221722,0.2910410024516099,0.7231776583620794,0.5043162419928455,0.5586408784446669,0
0.5334271362515071,0.5739139379450507,0.689309821428867,0.4649746206002542,0.5117145729868067,0.33483351347804646,0.28520091805569614,0.47300708056752316,0.6680868826029079,0
0.7297986602299373,0.6857290834674387,0.40196436641972644,0.22126774643005218,0.4384251410954561,0.32932151062118814,0.4980621541250502,0.47664353516642294,0.4764630645222698,0
0.4503125879426962,0.5133926113682071,0.6213774194945622,0.5245244988595485,0.42693397646925796,0.8252146627659656,0.4333346066363353,0.6790554940721414,0.6700557513711568,0
0.3555440970797939,0.38048782312225626,0.6084928176536811,0.71952408615256,0.39621090377860096,0.4084847819858424,0.4754830028558747,0.43289805999763586,0.6969328251055737,0
0.2889412628429134,0.2883921521858271,0.43592761653628165,0.7477901859417305,0.40688885621658516,0.6434225395015292,0.5633745885083057,0.2926713272232294,0.4048970412583586,0
0.4325384756641062,0.287836818550695,0.33112507427777804,0.5642576653736174,0.5023634078271968,0.7003684851982198,0.6781641856571871,0.16427372276169006,0.7339029289607383,0
0.7211520122814767,0.39010087836424756,0.21143947155792883,0.42957588054156354,0.667696884217953,0.27083486359437503,0.4747113427483504,0.7287660355636114,0.2302955550970307,0
0.6763072287630504,0.4422270045989928,0.23193832087422336,0.5893580125754226,0.5923926089422873,0.3872576945672574,0.4436668833472999,0.4133370483401059,0.22827908569305264,0
0.14860844119636155,0.1959189389120344,0.5936901824451616,0.7667560441755888,0.4190328947315827,0.36418082863423723,0.39519133784104765,0.35610796098499403,0.2837799601844352,0
0.6659126925941322,0.49859912072167556,0.24790578304624247,0.2693914672549265,0.6479957154872305,0.9010424106187708,0.16618071192533826,0.6219578271832146,0.5740641758386693,0
0.5624066878130878,0.4077200423817411,0.37851132097315654,0.3500925053489431,0.6136838003184498,0.6597106694019605,0.8584539279374869,0.4335698916330198,0.3490303331507513,0
0.49373372894507633,0.4689121981450083,0.5835297790242264,0.5184151939923037,0.42105026962522063,0.8050863888981941,0.7851613187773655,0.31406832350982483,0.7264688586270492,0
0.5559325046622177,0.7583679761493961,0.5617237770473706,0.5181634106683854,0.41806171375157436,0.3904535633404563,0.022715881351742767,0.44971495233327,0.49307611575554927,0
0.7607241839237207,0.3274215147966021,0.09073505620425718,0.3288458632509578,0.7551482331728984,0.5994565029734241,0.6014228951178365,0.45768495541254167,0.223553414089169,0
0.8208006003275512,0.5146392145623311,0.1976447701192839,0.35360467405308205,0.6615762565917134,0.6649262026524038,0.41558315453852596,0.37595827820157984,0.46075113374295296,0
0.5602495823843103,0.5859628424371867,0.6526196922512456,0.3467934260206475,0.5299666810132493,0.5398799171884289,0.6435441183636931,0.7180581542999855,0.8596439415104106,0
0.4481301014895584,0.3435413494733549,0.3283528186525144,0.49317919521802733,0.5232127545900349,0.4528504653924119,0.5723928051485494,0.4087580842378856,0.5844292345737331,0
0.37175622125204144,0.5231190607825865,0.7344951369833065,0.4219090372043075,0.5884660667656292,0.32902320209017283,0.4848573853141227,0.23024495751762683,0.36836510053800114,0
0.41196920211263094,0.29771664664314385,0.3305184974669417,0.9519931431119935,0.4160533624054718,0.3007193212841663,0.784303945301135,0.4772352882160122,0.4680166058409604,0
0.5557284966132283,0.6325130114057451,0.431196663373315,0.18442369603563488,0.5904163631797429,0.6486205833476629,0.5049153834524409,0.39271768589132955,0.4674391034321998,0
0.4142346163328909,0.36246141508775925,0.5755039738483616,0.6404020624537298,0.5016136052313667,0.2230361303862637,0.28475648161828054,0.5445166271096447,0.42961450873517354,0
0.33406168221415217,0.45605607254726976,0.3497405962504477,0.623496927448176,0.40121655640704196,0.4954273111712584,0.5296800275657013,0.6769720915831943,0.20184238620691186,0
0.7292676528604114,0.24969535943927543,0.09942627451085041,0.7168669292755465,0.6113187750121633,0.21658055204941018,0.22163537623901064,0.4449700371229749,0.7844872392909693,0
0.6258498339882941,0.4347544610456503,0.3312848912287766,0.5712769804142402,0.606283820324533,0.7983570546347841,0.2618845615504379,0.5079839907890165,0.3003843747336543,0
0.42270486615996994,0.539099661818898,0.46466610733016767,0.29681664339584446,0.5238907767537528,0.2905030567488015,0.4117405716634112,0.6032262397143162,0.4027950825628401,0
0.38367976772056467,0.39117680626136003,0.6232750873494173,0.6191310888951582,0.3559897944859559,0.5889145492939685,0.46963901105856176,0.5316992199877637,0.41756131545866665,0
0.6844945216918734,0.7023556117755966,0.3550675128074029,0.12160156910013843,0.6090656455497278,0.37499595319337,0.48242481132995735,0.6886206237674651,0.7222890559358243,0
0.33823645539978364,0.5213730957582899,0.6207730502665204,0.49979570801856676,0.42806384714346235,0.47102882294147214,0.5664089580294126,0.45532404568794466,0.2864773244151545,0
0.6119276120288982,0.36023728556986395,0.22882909461316667,0.5676075253222849,0.5813376556291074,0.5997171606856138,0.5147117672797784,0.43581892071968636,0.2877703986426012,0
0.6998159905632468,0.654355418768684,0.5543775338394406,0.3847325891142483,0.5393991694786251,0.4162022987696947,0.5890939702051708,0.1444876716595905,0.48526364255432464,0
0.31561405485647764,0.7059195647385095,1.0,0.4199400119980031,0.4538028610167468,0.4937424280210822,0.3865069653720201,0.1953892324702279,0.46390238037533194,0
0.6442348513582817,0.6372021423925466,0.699939958422365,0.2942903804126695,0.5049671633523909,0.38820849314103856,0.5289535000641086,0.33651495914387203,0.5782140626198621,0
0.45340609678389887,0.662823081019553,0.5639108908478859,0.22640071210413942,0.5261851584700299,0.25934788869574,0.7818775769765212,0.5751912734604544,0.4882035790529465,0
0.43194925595295736,0.3543887296330351,0.5281559429822394,0.7372067800577499,0.4834351246175977,0.8692093572644232,0.4781693420278435,0.4691101843678349,0.5896912209547507,0
0.8492609419273294,0.5822544378152948,0.23857136488935213,0.3700514448906043,0.6181408651709598,0.5494305687387272,0.47395723202601386,0.2740202507778476,0.8787609078412764,0
0.7889739974724197,0.5480610861670955,0.3160872134020559,0.744932006793226,0.47446352653797813,0.5097506629028131,0.3624116068935001,0.7889903357591167,0.8033650692160481,0
0.4289604072037877,0.376711952498282,0.36569741619098844,0.8747760482953651,0.3636891495038462,0.5877560188850603,0.07132860803593946,0.4861883886072647,0.5778734121485114,0
0.27530739504618934,0.4299582375567037,0.5912689893012426,0.37333767778266,0.47370241769805677,0.7574816727330252,0.6707049481054544,0.2736229395624649,0.6953815333624553,0
0.6602619915847779,0.46983202407838714,0.26094979152294484,0.6572833293379363,0.5594794874452563,0.45179154017975376,0.6705467988352087,0.7248352433737694,0.2858822667920268,0
0.6530621045782904,0.4709294907257969,0.2819429756524086,0.5508729857486444,0.547415888104338,0.4813715526568119,0.44241269039800674,0.7428599043571364,0.35839936293199726,0
0.7182556100596287,0.6456734800576364,0.6848455741570726,0.517065713485834,0.535118337270502,0.6214739013303515,0.20534424143511995,0.31021272445397763,0.24106023963336626,0
0.4311203686592513,0.3486598145047679,0.32267449011792787,0.5762414398084825,0.5759002926573484,1.0,0.26520384784360307,0.3898200357653652,0.6637532590575816,0
0.6015462864366171,0.39603612407424865,0.38789094195654306,0.5449255229861659,0.5897079046524614,0.3734419347518025,0.4952679340095611,0.6711938037369244,0.24437856555956794,0
0.8385179634586252,0.5534143241794333,0.18468190023746908,0.22316973682500046,0.7543827344332358,0.42390806668693465,0.3912869558428609,0.3539417268716578,0.31344920104530416,0
0.546406195352761,0.45458746741654954,0.6496916536041253,0.6627897155026921,0.442118015274758,0.5686721671959828,0.6593338607174722,0.3877060387325046,0.6991196780386663,0
0.3028310685851348,0.5501020681965161,0.6580542542140764,0.559488320861639,0.4519272414671355,0.6103655452914583,0.6297367484635497,0.7009553119539033,0.7569202400137338,0
0.40228140417573544,0.4299655452264178,0.5514952619845573,0.4473534883413354,0.4260667028268434,0.7383187361489507,0.45800105233041,0.5331304109482864,0.6653503838262796,0
0.1134991099678761,0.5418971421342152,0.9475497110161768,0.679198844206384,0.2407810307482875,0.6699949631430333,0.46533477822302605,0.2656008897002127,0.5478447476657411,0
0.4208150499412573,0.5480459652382781,0.7221266095326516,0.2558903758746056,0.5581825606346691,0.4160304502623431,0.3178483853125739,0.7925534560322199,0.746004100466238,0
0.3093549407047516,0.5474242870558149,0.8950049413632206,0.48651182930615716,0.4307525567342034,0.510852896241789,0.5579616747608284,0.21349709904794867,0.4922321439120401,0
0.556949707897067,0.7758772934757188,0.8206601706270101,0.1714321146448208,0.5269618219022096,0.5579544632233011,0.5978052309690803,0.5191782429637688,0.3589490712210256,0
0.6149064315292201,0.6102692807317468,0.5301555783216804,0.5198628833068776,0.5363430662061321,0.46528373972158127,0.7940827736464885,0.014865676793295955,0.5120596345331812,0
0.29453617630013695,0.5317321834477667,0.695582651732634,0.5192955010144501,0.3597305624653471,0.5542859708511317,0.30075439379069,0.7505713787007168,0.4281784711906995,0
0.4598812981661706,0.49000747296874,0.4431575060407047,0.5772693854094281,0.5989926607138666,0.4661065510404748,0.6664513188653639,0.5195220712820974,0.13545674353814088,0
0.4419768054602365,0.2432998010128504,0.2808651918873773,0.8321858259358403,0.5391116131646382,0.4820228950693157,0.2748072614224632,0.6408934519699991,0.4508788536728323,0
0.4481779424896455,0.42809341219008734,0.3618116277497962,0.7958746014801961,0.43865162393258356,0.5706233139700215,0.3936268222685523,0.2018305425102195,0.39754081247909445,0
0.6607388741220098,0.4455022289534241,0.24361408064612514,0.535044157904937,0.5610771098524129,0.3161002083472252,0.5531362797163603,0.771884674397901,0.3464597310320956,0
0.2607822139743571,0.5665475948480483,0.9991064461097071,0.5194894101577653,0.3396844941721778,0.7790506607209372,0.4069274531537606,0.33442177863953265,0.25571309016882376,0
0.49191682509436985,0.4809079552990665,0.6110238731519759,0.8859098642894251,0.3754426868519195,0.22469879026047387,0.5855683491633781,0.6382076911601896,0.12421889538612346,0
0.7598754372504234,0.6554312030152233,0.31193579688338086,0.27129365981885073,0.6588734190193497,0.39084329870783213,0.42299302188218074,0.7536534731651505,0.5879245070296886,0
0.36381306720238404,0.5378369082556441,0.4428318853841762,0.5933777325223528,0.3922333618978157,0.46664638184405927,0.7403165539751797,0.5804767320244021,0.7457990007132139,0
0.40290701236511295,0.46886099562803507,0.334056778133937,0.24433692869358667,0.5785218536911046,0.7464418917441875,0.38773538650825023,0.33277524690766563,0.626385086980405,0
0.4454787897817659,0.6026206477150307,0.524315178513422,0.43350703766596255,0.46031413262327564,0.5072165912268221,0.49885577951239785,0.11298471220192323,0.6141704179430111,0
0.5150905296145925,0.2243995161301293,0.2533664915436408,0.6658160083009674,0.4797814551607024,0.1704601588369473,0.32472370625694175,0.6810224048074994,0.45599064854639665,0
0.640472031119501,0.5754654387208147,0.5338182521086124,0.5480707105885592,0.561577001609813,0.520429192253715,0.2313614293706213,0.5124610801039352,0.25221430909044373,0
0.5822928659011568,0.5837468435195104,0.5114383002873778,0.298876093985188,0.547497389946259,0.4792874118277069,0.12631366025897184,0.46744007773327007,0.198175486745986,0
0.310279487768421,0.2311376123051292,0.4552637129434423,0.817651212529399,0.40320127845318243,0.3406102243686528,0.731093635098508,0.6036850831461011,0.6324974994744382,0
0.5666597066050919,0.4712929741642034,0.539279315845388,0.513596967835174,0.5122058371188478,0.37214752204679813,0.7153045986032361,0.5501695018837204,0.4347024155291083,1
0.5403896118938053,0.5845164660230302,0.28172975721789406,0.7192743652317453,0.38489642977888344,0.46812699758499876,0.38805317727263244,0.5845561642225967,0.4859819177217158,1
0.8852700397674345,0.5845665079652774,0.19722113505131855,0.508168860516436,0.643943037649565,0.27283943333142124,0.26526027348289555,0.8094718950458795,0.4687440787337696,1
0.4106886215108619,0.5045161673689362,0.5219746651742005,0.3719358239208572,0.35552551348000905,0.43898028603791117,0.7510417129082423,0.4518158050515145,0.5144038088157891,1
0.7405900627597072,0.6728918095721694,0.5106815299091074,0.7337889307478835,0.2168191010403423,0.5868602011078379,0.23591816558227313,0.42071107842456124,0.41474171411559446,1
0.6468240230604705,0.5421027328756673,0.3745440415322537,0.3027266987102381,0.5174986057713231,0.7236191765099357,0.725041664088374,0.43030864693376353,0.4862139055840805,1
0.22990748388617813,0.2967642337545389,0.6955472378274674,0.5351191251360574,0.7411249963810166,0.676202270203489,0.5342422457090485,0.5344237717016456,0.7535644159722976,1
0.7515260377253488,0.5141008966483425,0.4489975675307416,0.5551099909511967,0.5916726786029938,0.6441929159931621,0.796166110906595,0.4747929429256349,0.31521350001048754,1
0.5445721013915205,0.6495243443462451,0.3899253077415761,0.7899917934763624,0.21449944355752737,0.775142226712494,0.5255756313756978,0.5115706695001172,0.3110630211959109,1
0.7682231007135183,0.5363756806593978,0.5494384340721395,0.3029246284244222,0.5053153480359904,0.5887791356548666,0.4189803132778887,0.2720811386590686,0.6220477539413475,1
0.061169583511431994,0.24758675939638009,0.5959110264951578,0.23300182031099842,0.765009212697086,0.4150043773151126,0.6592813285335563,0.4675934793779431,0.8305549850316062,1
0.6211859656440704,0.4340598280484154,0.4764069284556428,0.5883730080016845,0.7891104962637641,0.5760173121119773,0.4740827351283776,0.7327926075255584,0.7700556856347327,1
0.742522493742163,0.5360369772012735,0.7519005347448189,0.2847055993015686,0.4866188901088014,0.4980215927907334,0.7475255946373124,0.6534197147163332,0.6574577540014648,1
0.35454937330821085,0.5097562091331665,0.4698089684707387,0.7518607428747375,0.4646415938910787,0.24565194678554034,0.42493999934792037,0.5939416559936327,0.7188551396705197,1
0.8207343330490593,0.6200120006703681,0.366165111887821,0.552370238913466,0.44311982714850434,0.5595226492500254,0.23293841937708962,0.4005857943758298,0.1834308070575008,1
0.7340747905903985,0.7101569880631515,0.16959474645075145,0.9269207723019386,0.23478794632769598,0.3736055576501364,0.5800006555101679,0.6275075337475724,0.6421343712430233,1
0.5894986535984111,0.5738791656601536,0.381843749855888,0.56976483713011,0.2731173316735752,0.1494593690195021,0.3523985816723041,0.38905353253988917,0.3209010657786383,1
0.7659141213062481,0.576893479669376,0.7199664315594196,0.4697873795791382,0.43977603676918864,0.5491914685158785,0.3951296949536694,0.7691362024676995,0.6073194256729634,1
0.24969393345557694,0.3531041726056983,0.7474224250221274,0.36077674247271296,0.5848741739294961,0.6782976299710807,0.6931339218818648,0.4546757914014144,0.49609569510188417,1
0.8246851402381908,0.5967197680540055,0.5609765557460724,0.38235981786040785,0.4180856866174956,0.6578741990450562,0.8204065043267549,0.3422211889381449,0.7388229119074285,1
0.7023980359156149,0.5352897805764365,0.3350338905479132,0.514518056465854,0.6924432052815774,0.25250571122285953,0.5358583186946901,0.624133904113929,0.3244016936641668,1
0.4238754341565893,0.47611157244652996,0.4344197949601139,0.56413631305604,0.4101817711314241,0.3948737628167818,0.41670749805322077,0.6119004357098247,0.3664700976053398,1
0.38626948196926336,0.5899669568627737,0.44348617790872447,0.7618177796790808,0.19955411059745695,0.2904706213295654,0.658827168518495,0.6565190713720501,0.28721218795622905,1
0.28939250312453857,0.3466738193530605,0.6266006215876513,0.3299648603200847,0.6874863326782957,0.6740088214274391,0.6781666715403586,0.5111997779386711,0.6556996374915383,1
0.3192356201123494,0.6206282853854123,0.19642541307929998,0.7684567908086498,0.21491036806828126,0.30832368771730895,0.2916459515257414,0.5724951351061935,0.5895983820035559,1
0.33780721272590486,0.42166166260796784,0.6955573571010969,0.6592566910389636,0.6102569270215891,0.39580839714218874,0.2775206325305349,0.8986804264941362,0.28971643463431307,1
0.27108597487739267,0.3173875591836916,0.7770558630603424,0.10649734648610439,0.7092170523534288,0.2526321976173503,0.2774540310968615,0.5502268720706261,0.522340390228425,1
0.5853352882630392,0.5786085533986144,0.6597486028830799,0.8394515428412216,0.3112975091908021,0.3417005443971627,0.4743591660585928,0.5630201452563268,0.4858711709058393,1
0.3473331412289731,0.5334005633750719,0.30787009671536797,0.43802460619422556,0.2942275308864653,0.6065921242820767,0.7153591048824293,0.6364954900691465,0.6216328164618125,1
0.8783155759814044,0.6473150025797523,0.2620901139083483,0.6638004604785028,0.5186101721160645,0.4370223905477091,0.5236652527684108,0.43734271566435157,0.3262753079793342,1
0.5503597152968639,0.5122609224251029,0.5429201137535257,0.2035962394842778,0.2871886234694523,0.3653680711840483,0.7280742786626366,0.7548298315166284,0.36062598667572915,1
0.062458458097888504,0.3897259181697282,0.6375440352353057,0.26124084259687047,0.3021314535842973,0.6636381293756441,0.19435199860385893,0.6297926761790683,0.3507311789773949,1
0.8705241845461208,0.5146546269821733,0.3589371063566262,0.6281144161023203,0.7234887770081704,0.3180182677091749,0.8393206016784324,0.5830062301210968,0.12405716656936913,1
0.9179195434031725,0.6357832505274745,0.30301421384800264,0.547911061172237,0.5027236440774224,0.3104389644113276,0.5732625969695645,0.7158726917481584,0.5775353352894337,1
0.36983161083272265,0.5585318493307706,0.3346684079423054,0.5567045715197726,0.3754905141239314,0.5104305546013946,0.49145562952233685,0.34714555495266963,0.6067486301519769,1
0.5108234720625084,0.6083682765140337,0.5576764626278947,0.3626982107859911,0.07871661440322163,0.6744372495090497,0.6134141297138697,0.7981516021889637,0.9119062859858281,1
0.6421345561999477,0.5908758512392324,0.5111946377700856,0.45511272618641296,0.46533208562661244,0.3689564410538974,0.47391704314433775,0.37624828134820676,0.7003873327627775,1
0.9159064522199251,0.6361822084031428,0.402375989769648,0.6927161331267545,0.5765035018586998,0.2984559138362608,0.7860475192760255,0.6944235858954544,0.6381230469983238,1
0.7852555627629367,0.6000288349194265,0.32727761006440065,0.5049416763069776,0.4544270030286631,0.828980772397399,0.6245853722918897,0.5066310052322855,0.3797964048927259,1
0.505726890058511,0.6066797509258288,0.4447828029149281,0.5592506998568211,0.2906771391254219,0.8952524286496115,0.18067216968031358,0.407028991006728,0.5749321098237808,1
0.5114745667710022,0.48061334524437993,0.40925692285534754,0.2205098140440813,0.43005095211308614,0.3723833408613655,0.5264298339847646,0.36028406050092154,0.44249811348105317,1
0.6562719632229131,0.5178883665413015,0.5577501312998743,0.7724948300270302,0.5827821968954848,0.2810792700658789,0.7465848889463562,0.36004270335294036,0.2890746626850731,1
0.5045061283267792,0.5906756349174439,0.24766396350993447,0.7191561485682806,0.3381648893283643,0.33684780111756973,0.6423389082044357,0.5147648644174525,0.49526881314310567,1
0.5585974842049173,0.4322960681853658,0.3036410132993778,0.18570612894836225,0.7101825035200158,0.27089880019983115,0.3484360906696373,0.4996518858554032,0.5146760581443338,1
0.6360500502351157,0.4313948893324926,0.6335623270292192,0.5596515570818231,0.7314132322210579,0.4458423708686747,0.4129606369657264,0.7428789817947872,0.35640957477570584,1
0.5870625386705813,0.47067881278472207,0.401635856584535,0.7556151890991721,0.6469679907999214,0.9871262740725836,0.5001779733260984,0.7845901678726793,0.5959314942039472,1
0.46439914924640424,0.5663828307003597,0.5260839675782988,0.5704786131823432,0.30858357625972893,0.5435074252740092,0.027555768324133235,0.08356627480076412,0.2149396174463627,1
0.40937090320507824,0.4317746877976037,0.5168759690349952,0.34303121216057875,0.565484500152649,0.442841541365777,0.43737258187005956,0.43125487187758665,0.404264360536907,1
0.700420496131282,0.43563153704906066,0.4572325661192176,0.09398702137308708,0.6562949385713198,0.40514244350876805,0.25320424515282824,0.5043819469989801,0.359962887061994,1
0.8689933849942304,0.6511175739421817,0.4414802355970276,0.6078513095539624,0.4637874588056213,0.5748113216231998,0.5313723258044033,0.4210120076707643,0.4458565301125019,1
0.6758048232804073,0.6172896577354738,0.6025342497670918,0.42664492205932736,0.2560844040801706,0.5362969128961221,0.4135793316444079,0.265414609532886,0.5408878395764324,1
0.5715606337065577,0.4779525836646924,0.48170664616063424,0.8399781340678735,0.7322247816346428,0.47279398306617376,0.5979549893206139,0.8090626589941902,0.7030711783705339,1
0.8639798614817952,0.5757888138047688,0.7887925427223285,0.6538523106546118,0.5172939515064564,0.5785099422081914,0.2591712026111132,0.3185296610973162,0.629099468413789,1
0.8399477907845634,0.7324597622611887,0.29082387335228654,0.8815245145086762,0.30517906356887936,0.2775628972701664,0.2780442429912096,0.4545492603326876,0.6813668009323697,1
0.6171570806708615,0.5648782720793718,0.43618950517946853,0.686032419184087,0.3977863656805097,0.34868716076909656,0.8867979755540841,0.47002671122453615,0.414864703432136,1
0.4862627066764375,0.5699715488011113,0.36923826322019193,0.866497900957727,0.27316702631286544,0.6217011310482814,0.24036719501123777,0.6407740306420854,0.33093677723551823,1
0.9526868567044878,0.5213405419904341,0.3055688538546375,0.5292410238972509,0.864467652163454,0.308679473424412,0.6523471766472464,0.5753542806303689,0.4631744371324419,1
0.33270622487678403,0.28531047836964624,0.7726514332309371,0.3129115438388825,0.8925365586347472,0.21292487628650808,0.4784260003847645,0.6225468137292469,0.39984382358125486,1
0.28195898085026605,0.3852280810111341,0.8497864284903291,0.8337827454664407,0.5463638357508304,0.5842595413550072,0.5260166303487057,0.4883051102642676,0.486655561454612,1
0.4769782924804441,0.49165910206637786,0.3516174088576287,0.38710089147434673,0.43104950692860255,0.4492727893866314,0.757537583982852,0.6066529109001435,0.44159135779980957,1
0.7014227247300092,0.7339836513668389,0.1565957945943025,0.4771613967805891,0.1893376802656301,0.12698648249896044,0.1960426362675469,0.21324017992143507,0.5150249803640877,1
0.5727727240277489,0.515740819495892,0.5653512082238601,0.6000287398468219,0.4279051868804366,0.47641910473755067,0.824204453865229,0.2877878278616367,0.6275117942404262,1
0.6432209109300293,0.5449043870537325,0.5380328449414015,0.4633365502417249,0.366494121144048,0.5970411791453278,0.7742184922350495,0.08130432445283291,0.743553706542655,1
0.6252127789106762,0.7800238494707608,0.2095307962003644,0.8426152813355371,0.0,0.5040000672027057,0.5348365984754992,0.1886911222489934,0.17904023250948267,1
0.5535872376559958,0.3992761647925692,0.4038238332800922,0.6825847168276232,0.8446345075106129,0.8054099979661761,0.5222969958203955,0.39931758516359356,0.07564728332630005,1
0.8345912592056125,0.4122585388030102,0.6764113175438101,0.31318324385193924,0.9269411027309203,0.8243425190499503,0.6877035148517829,0.25998955266718105,0.49938244954883076,1
0.41613520166659695,0.4072654258126173,0.7382074398629425,0.27454215574503177,0.638129285714055,0.3295868371994908,0.11739320815608274,0.4988762136049551,0.8385907530486837,1
0.10203404094736822,0.2872988110136241,0.5772514920651762,0.12110249373656524,0.684339514522412,0.6350723203878834,0.6906369493801667,0.46815231462608975,0.3812291748607959,1
0.4858092822065708,0.5892116242244733,0.6528690178311811,0.3580398349171596,0.10888448274255529,0.423012411124529,0.41643444371295657,0.6264865811165515,0.6473332553997758,1
0.7732805183128761,0.6856500995832251,0.14586814193654396,0.766643479187136,0.42990127897749064,0.5720538271697614,0.48517648508197075,0.6675341360350393,0.31779763873097855,1
0.9179175086583163,0.6791976056606277,0.32422777354847576,0.44800834524530364,0.3421332389252941,0.3371150077544952,0.45376519722552433,0.47286142985389085,0.790105476485818,1
0.5440766030538642,0.6040042768967079,0.40898937745534647,0.6465578441006287,0.3112836954288141,0.653447431839014,0.28399564216651246,0.8352647244356086,0.4609870795185937,1
0.8050725901760027,0.6157439473158475,0.4572674584809881,0.8738841430070615,0.4890776874231374,0.5443446528763357,0.29717344916753474,0.3601603117497641,0.663257176653123,1
0.5347686781464877,0.5055583858847018,0.5010924963651558,0.7725175674830355,0.4511595648008553,0.33585534080687596,0.02977207931739005,0.690636707618218,0.6664599655782197,1
0.7416042257438348,0.592037568131664,0.20913402859963184,0.7187656644182135,0.5712565195674106,0.293081298430475,0.7197666822614056,0.5236537816999383,0.6283667895277493,1
0.6392856173075897,0.6988084509379104,0.4070225653380113,0.38009286828729577,0.08346670217500043,0.3732020370899904,0.5135558030247719,0.9118464517835673,0.6686214904474893,1
0.6002369813748236,0.6260158573393172,0.3121881446931385,0.36417905024653374,0.2488586336421676,0.5912225425877289,0.5436943717064412,0.4593137776509333,0.5231251195410443,1
0.1956375205322495,0.3386870035924018,0.7976086545478773,0.21671296672932439,0.4086972447421992,0.6659375408092032,0.490827460841763,0.3893559906083462,0.6374171991118613,1
1.0,0.5648022030757044,0.3559148079529481,0.6331535115497143,0.6733658264380666,0.8287303245005111,0.6796436853281808,0.6696351252697931,0.4387566220386587,1
0.8664523147188834,0.670957583220957,0.6593227868689532,0.5737562121539865,0.24771727150151465,0.3427723640465122,0.49037828692360297,0.7080064532336641,0.6801569966162059,1
0.3453717338734176,0.46350843688815846,0.5761692250507363,0.2077896206493255,0.4154817445387379,0.3742090707624899,0.7250655025745752,0.2923365502444527,0.3102574603719889,1
0.8170220590716645,0.639085149519149,0.339192616296422,0.6771717784455867,0.41454881238303276,0.5056408234235291,0.5704173190294837,0.48242075583127375,0.320231121064206,1
0.42378237777998085,0.613675672754352,0.20398424230774131,0.8622573757985422,0.21092536466465434,0.680224717099007,0.4183337219305058,0.5600462462293191,0.7249161011717291,1
0.2969822720931265,0.5155708077990037,0.3186423844896959,0.5702481550080224,0.3303807766284787,0.5932615256194281,0.4800998928250335,0.8407727722781194,0.787889771103056,1
0.2945650715991872,0.3800885547475486,0.7015518144312439,0.1774686596400846,0.5648141882022933,0.6401718944178252,0.595543892850268,0.407067070493635,0.23713513685171933,1
0.2679386327967665,0.3768680338798571,0.6333569009622615,0.39382656994226106,0.5128876632289396,0.28113256479633936,0.7307778974875551,0.450087866390694,0.09189250344348951,0
0.18636268951579874,0.4294983979303252,0.6239400360321007,0.4529215167171962,0.601762352693043,0.39719765731165363,0.47803049773775375,0.5970607041453062,0.723151943498237,0
0.4192098032916591,0.345083109493672,0.35224011106404357,0.2219782853499537,0.5325924758026455,0.5184666576444159,0.3139313983507456,0.4064709487995517,0.6385166640236778,0
0.4838802179898229,0.2971233072917246,0.45389188595105434,0.25081114029770557,0.5380913454491789,0.5916745371620683,0.273699615005212,0.49263571133416556,0.5165593700577092,0
0.6111279992223134,0.7008124019866263,0.3497258981684423,0.6587647050100742,0.4097999423575232,0.4924244367606598,0.6837900376631522,0.3835946075926072,0.41744668685677655,0
0.4310899775902137,0.7414954981856863,0.41249005923030646,0.6880807109073334,0.3487056589352806,0.533322130169412,0.4855346424672871,0.49195241134348483,0.5962248855922087,0
0.45588208529640856,0.4814628667091175,0.7632564194844856,0.8469450083606992,0.552501376570244,0.6574240880017174,0.18658523018286954,0.5039749168670449,0.5124637529318712,0
0.20756323912467806,0.542852955603197,0.5251833156555417,0.5674573779519804,0.45421274416990387,0.19358896336056314,0.7083125012173022,0.7303807453650777,0.60147613793531,0
0.5533665873308112,0.41512633923177145,0.3820971493654715,0.18077158814749425,0.5096845551811289,0.5574752769776793,0.2363615235113131,0.6671334512244609,0.14812168694827316,0
0.6325352162301929,0.5264284009231184,0.2779320623057575,0.5222592326018032,0.5039923880803547,0.5436216424229087,0.5324956692338949,0.5573827062866271,0.389799883645078,0
0.5045042527656652,0.6214098311581989,0.5565087404714479,0.7535672492020323,0.44166430177672156,0.5096381751049168,0.4197203654587745,0.4730101079433218,0.5761887652896348,0
0.5753852526964671,0.6613321382707879,0.5581309982459192,0.6805448531860901,0.28054074574780014,0.6733948159515529,0.7200942981355235,0.5243855683229283,0.23762553841915393,0
0.19889809259903282,0.5260860414387926,0.7187073818131307,0.6818763429509106,0.6496380302602327,0.6990893848591959,0.38891139414500875,0.7199119621459102,0.20379457728400543,0
0.6337322194927921,0.5827471119413646,0.18928019311143585,0.6843886296548011,0.6049271462230063,0.3043313093777178,0.7453480720484984,0.9693556818004231,0.32615518212208894,0
0.14752460747706564,0.6015455221012653,0.6792772631823341,0.6892970679043374,0.4993808782831892,0.40207462237922503,0.579376844488619,0.18790498857095644,0.22139794754544845,0
0.7654262642810635,0.7624346631803417,0.19581407261379943,0.8398177866907751,0.45911736810807635,0.39858001508989477,0.7721182353269327,0.8782134884303542,0.1594433211621689,0
0.4439876941257259,0.78939481969746,0.20437642335418812,0.5214195523390612,0.4000489898309307,0.5299887667559863,0.48048299095819624,0.5541829707417449,0.2821653739259209,0
0.7531370181272687,0.493922689148777,0.5280081427007584,0.5473667645420242,0.572586795943067,0.7760186234973375,0.5497232138332184,0.6127085741079783,0.6226187054236147,0
0.4629031526929647,0.24495211028076497,0.6909261561509331,0.42527016857445105,0.642106186327372,0.4960307016715377,0.34653644391313687,0.5475658412555624,0.7935770353621856,0
0.43111886166598934,0.6031709130087413,0.7667957289209184,0.7412661061643556,0.5080768551329968,0.2475728229400087,0.3172994752185089,0.552998235161531,0.3576666936409961,0
0.4647043395136818,0.46970046075038646,0.40382168757415277,0.0935810597321164,0.32018332442338177,0.4171995483400169,0.23569779904631002,0.8044837276949895,0.7669890637192217,0
0.6636655638554799,0.5090410167160196,0.38681496560924056,0.6428210290481968,0.6729182573657367,0.20559266939870366,0.706119870614419,0.23829627013470242,0.8378225672992812,0
0.6149106667620982,0.6733591663355262,0.44418224826838953,0.7371650834185887,0.3499662799211606,0.4884932891834314,0.9409513709068806,0.5753217016795088,0.6866501621954205,0
0.7264299674442952,0.634619361234905,0.3578194334159593,0.5324615043718522,0.502126785826439,0.41560092781501207,0.6117992001076893,0.27402960837651624,0.5702803058832681,0
0.6460442468049115,0.6195225546431329,0.3777762087314622,0.7069191690105511,0.43099413623056587,0.5719920364573818,0.4898072709104076,0.4300755529995842,0.25755659002528625,0
0.5848983473560679,0.7125075564430624,0.1579863359885308,0.6084723858657829,0.4899129516974826,0.6458618825931706,0.4921437214174465,0.5910851986594214,0.5477333449149904,0
0.5947771900673109,0.35355221629481237,0.3434916731540845,0.23243619167217752,0.48452270545025583,0.7074925811158768,0.3179987237182223,0.748778354427845,0.32858301882760543,0
0.5233404140000599,0.5458443935930626,0.4099333846578488,0.30064229684982613,0.39405986031423634,0.5231380899882984,0.42221165693618906,0.08932285391580382,0.6727273577169095,0
0.4948619163967499,0.32880077312474265,0.43201145310640243,0.23231310859502444,0.6557519508503682,0.4968781448523714,0.6659773619728266,0.2949711460914381,0.61801592290222,0
0.1989958508218986,0.6568720459340327,0.5389109457679564,0.7820111746743945,0.3755362783879964,0.4544773023573988,0.40097603581037294,0.4257187535234422,0.5073218052150794,0
0.9729842597504131,0.6499289813664454,0.23123165181984404,0.4225292958206072,0.3191234793684408,0.471563384393128,0.5226617367217661,0.41082026793453,0.5419530918758765,0
0.4696768438228213,0.36784487473364275,0.47702075984034453,0.49587229109258923,0.5763238013697027,0.5003572183765205,0.3975188864081835,0.36988258008420966,0.22435857440329135,0
0.17289950412715324,0.4460795312398802,0.32900152748580785,0.6710457698138271,0.6951999417852057,0.702934054349059,0.32244927142626956,0.48661479202528596,0.4520452940428283,0
0.25028776572796974,0.357538247224026,0.7618324340956937,0.4504201996509617,0.7069107260195413,0.7201785010849492,0.6542904953460932,0.29102153056097774,0.704381139184347,0
0.4581765210924207,0.5746084334734817,0.6482148369900642,0.48679833874037226,0.3516549048796697,0.355559265858944,0.2879166838640562,0.35372658288860814,0.5688118525864236,0
0.44123598070251024,0.5694629367534577,0.519990999312156,0.39201485463531405,0.40501159645642343,0.657065538429143,0.4154523395245953,0.6069340776760928,0.6372000363188027,0
0.6911108964758536,0.5223820973406541,0.23158207037319048,0.40622674930512137,0.37402220195145974,0.8507156846710652,0.3547482959675076,0.47068199245532855,0.153713672621252,0
0.36167327214007505,0.4347164858468667,0.7200341449723597,0.6651827059202239,0.567773763120937,0.47563266530046755,0.5149948883630991,0.5304090980454643,0.5222606419320509,0
0.9649105174007175,0.5101866598620648,0.28507558490430934,0.5002076915577722,0.44719071232614455,0.7105687435129866,0.6325456413118427,0.5641309101771964,0.43927677584686176,0
0.5201385057963527,0.5227860773278261,0.29732264337413206,0.6072998276517038,0.6188075981162162,0.9223878922819752,0.31962628004833316,0.5613188626763839,0.45924367196158183,0
0.3577358005268867,0.31570522569744675,0.5781590279616481,0.394027169780731,0.5806002320066648,0.5993059955750984,0.5788431779831265,0.34716713069321703,0.5306779921062342,0
0.5451425629986374,0.3622352555966315,0.3388118133937187,0.37489350005569566,0.6797417899363382,0.837939956472324,0.36133599509158565,0.6394119814440579,0.6314319536582017,0
0.6039922211562501,0.653134658770501,0.6320130970842925,0.7829723751049796,0.41667792118661695,0.5777608595618469,0.5541590265653875,0.3908052336173384,0.880570283922799,0
0.20590215474544615,0.433741865167912,0.7406230035132094,0.7158816813113219,0.6756918724315429,0.21144508682333793,0.5231985172710573,0.2899060034848544,0.43374187048885826,0
0.7615827988974936,0.4981445775346552,0.44901211753116044,0.3361537976208149,0.3327123877424473,0.3121182101549047,0.4120007125927346,0.7111294765876721,0.8511446712362614,0
0.30213172822325507,0.37023198957563125,0.5887732568730697,0.6187904018064031,0.6587597934071684,0.6637995100092418,0.11836836320574878,0.4185898448013567,0.3375657410257887,0
0.17260731604111945,0.514449828628919,0.8242353899041651,0.8311312410920453,0.5213295123848667,0.4190280037123489,0.14735290723637973,0.6098976839437786,0.2120891193096766,0
0.500037557758551,0.4275221658487934,0.69178992091344,0.685522933450447,0.47044915446647423,0.2764347033489054,0.25222313090546494,0.34005159032188637,0.8264796122429409,0
0.9091801402975804,0.40700942398932366,0.1735847872294332,0.3018613314240876,0.5200422265342604,0.19954975183372378,0.4490326030341917,0.31478352220339517,0.7841345345027364,0
0.5410091012108158,0.40844236485162344,0.12110736901471174,0.45325885549273154,0.6934979255580617,0.3516488304727691,0.8448042433727861,0.5842700028172259,0.36716154171609994,0
0.6622539771242526,0.4986267953429894,0.4235343515759037,0.5283355807316085,0.544818798874352,0.4154225081877235,0.4874897775109247,0.5807198096588675,0.8467694516695767,0
0.3610978589694487,0.27002165316941984,0.3739529483688165,0.3623780983687697,0.6620460442277225,0.5530786793550326,0.6121056427225481,0.4535247762727357,0.5223274006850593,0
0.27691666920868213,0.6475849927387964,0.8846128261481647,0.7655054058449546,0.44627921431049405,0.4252855912601546,0.2861536248333044,0.4115907735310081,0.48582288183105715,0
0.9196777736141101,0.5112524769394554,0.17566219374083109,0.29944606134526636,0.49234193210899163,0.8126962360365979,0.5727056014419707,0.058521823606027756,0.6412306615455514,0
0.49870322818729135,0.31382865175699043,0.39913119382557344,0.344308267767636,0.6389524274944975,0.5984785364556426,0.2923182828788469,0.24935230860121582,0.5292613793862284,0
0.4799793949709537,0.5047362733808626,0.43393716163196877,0.6489491300388895,0.6032139706423679,0.3945020137467875,0.71822967750525,0.4926281002710096,0.5480188179138552,0
0.6562568005201437,0.5091445517562817,0.2510717971439492,0.2691605260145487,0.38330008477835303,0.4423067854940369,0.43624673907744543,0.6749005733670388,0.21659865344006374,0
0.3406805103177012,0.4598792421987064,0.4504094926407309,0.39431338023568785,0.5645434476664846,0.7611979435747186,0.6881052709299127,0.7124106588918178,0.5300774949251592,0
0.38737952772370227,0.7555837442102602,0.49019614958389646,0.6210117255168695,0.36844825701654305,0.628670484716351,0.6524679008535742,0.40344077947517615,0.5123872081872803,0
0.5356039961844126,0.5011642656712221,0.49021815752168163,0.27974871549787367,0.36355755471548945,0.5543940753404187,0.5164977424380512,0.5633639049193682,0.5395843163041641,0
0.5729437070442733,0.3753564442804761,0.32914087750701376,0.361775623811483,0.5751147807034518,0.34078203797057754,0.657360242415585,0.21541306227936688,0.34879706814256534,0
0.22862943932481178,0.5032808834682857,0.8610997921700018,0.7543973787467082,0.7385129742942609,0.34563050848274357,0.429623010787487,0.4476033761516368,0.09952554135643658,0
0.5741619549955501,0.516360257953999,0.24869946705622512,0.470466161339823,0.36233165236711007,0.01929274949556815,0.7004594407758579,0.459149720319737,0.4336774019749924,0
0.7345670703431323,0.44711185700086437,0.39281409254560284,0.36389115197967703,0.42088868883524055,0.48296120891472255,0.654735338437987,0.4286395204577065,0.2499204547124034,0
0.4645200048774672,0.54198321350887,0.5866014295907387,0.6557952966750409,0.5398145366938064,0.3987880486352198,0.7908279471444294,0.4056238722392619,0.4472440590877679,0
0.25005284446674325,0.2669827022522349,0.8753219608448685,0.3636071492664169,0.7018911950607959,0.44029214065522226,0.8281978765712726,0.527833631783195,0.17288329229143884,0
0.4907189593034965,0.2657404987382228,0.4866603071974135,0.16605437787363983,0.5175699890745898,0.623125765333449,0.29067648818125147,0.6462829443495671,0.30802204862488514,0
0.8213832662716869,0.5462913461143496,0.38205961509828246,0.376060761145063,0.38996543501062786,0.4304083311621369,0.6516850945428699,0.24078583057513497,0.5038904967428575,0
0.20005255215979234,0.4910344000427211,0.7871525583935703,0.5993288201805745,0.5080165409280678,0.7492382654832382,0.24493144488502766,0.4811898412507653,0.38216451119444134,0
0.9330944928222662,0.5260973485358049,0.39839563322880117,0.337027547574041,0.525894509001353,0.29863525888347725,0.4969658763860775,0.45103763553839843,0.7239666134907736,0
0.33492714723681766,0.415816922821988,0.7965529842048112,0.3649687408742794,0.4709065928577234,0.3383203815305749,0.3970611514357788,0.54943427845855,0.459678837122521,0
0.987908392623378,0.5780857771674315,0.26002517696188293,0.8804016217269914,0.5783954532308495,0.42483726781223513,0.562164277907096,0.49657943146538686,0.6040110284038905,0
0.7501096639754049,0.7020973271338866,0.37093130979380207,0.5005080846214449,0.4372554107521275,0.5650846357649689,0.39994606330315713,0.6294299971776104,0.42310563877687174,0
0.4770396422585544,0.550924079571198,0.45643961744113537,0.8340967379397274,0.7598866232219573,0.4169683880864,0.3829479691304568,0.3016707753314399,0.2986018796904468,0
0.7365550636019539,0.5243317005085837,0.3366953956144126,0.3629244157824075,0.40155177274552767,0.7100059894871676,0.46655306942742364,0.5417277936537974,0.4052371631649146,0
0.14236989108809892,0.20352205391961695,0.4551372150893124,0.011379738214178804,0.35201469630207904,0.5000778224343548,0.5967012191823897,0.5220984318421258,0.40742019379643557,0
0.461700554673874,0.7066329648758058,0.5141520071671742,0.8288284078663916,0.44016051091028324,0.7101421791759602,0.4304415011672057,0.5227002613977414,0.6771821522616212,0
0.35787749937549934,0.4357483249418839,0.9937701864248221,0.4342629015742372,0.5385752392141012,0.15929087890982005,0.40886799362498316,0.4192941294897437,0.5584560329230199,0
0.4282212155716759,0.37317567943094265,0.6828867020809435,0.1533083213762754,0.45697573221356547,0.7169599533254503,0.6264546048820411,0.7113703099646476,0.2974968143407978,0
0.48755823264643,0.45834532031290814,0.5742905537780022,0.38937837431157635,0.4875950863394519,0.6212169678740992,0.48173485221182444,0.550144261051683,0.43389616800919323,0
0.5509392403798036,0.6495126373072806,0.3485498573894103,0.7559990821070653,0.4341648606126924,0.5803211701313802,0.6471862751871067,0.663986005091679,0.41105553797425926,0
0.39396256025267323,0.5941530127322242,0.7921863145802142,0.38653009001537736,0.40637816921464076,0.7780642333809502,0.1776762724372721,0.38277028457384854,0.5305459336218402,0
0.762975496418213,0.5418798388691494,0.5050484538091532,0.3518700785854723,0.4422053463846914,0.6532048187108055,0.7253906771752643,0.6186886039717878,0.5183436497816207,0
0.20169300856547936,0.57959886746342,0.4454994813810825,0.43134443066712547,0.3479089887496183,0.338310942689517,0.48028762518547097,0.7742823496202349,0.48698317701399585,0
0.9582677634487818,0.6076725219056821,0.24762363054108552,0.5676811459297846,0.33934982087986504,0.6554395400411848,0.703027524853477,0.7001495674879828,0.25987203503261475,0
0.385499290470416,0.2572300603861053,0.44683963755429257,0.4593044990273363,0.5894816921001859,0.38194070443900946,0.4460921846198485,0.6694146564872828,0.6660137684990176,0
0.27430523175430094,0.43424487567203396,0.9416105012211653,0.4657362498180667,0.4338046316346475,0.24479579743301774,0.7590656323680608,0.5596980796124986,0.47740704743881107,0
0.46776643594994466,0.4535935063295618,0.43632367631097724,0.6584433153050577,0.7011133823578836,0.48509424336480605,0.525864452702742,0.4380313995745053,0.3441993946360201,0
0.5273996385492592,0.5956209570970012,0.3065745160296745,0.6353788495263465,0.5549456113325081,0.6493359489388324,0.5588689357375644,0.10525531298661682,0.6314715164554262,0
0.6781597487213523,0.5887999104329615,0.6167511374910026,0.43679658680036537,0.298513069970687,0.7849794313351424,0.38554813200513,0.5087067218231327,0.11878298471785931,0
0.5438376707221243,0.42576784410240803,0.31198678225400156,0.3039951433864547,0.4565490794391728,0.30013699641988156,0.5485627554398869,0.30807812689536346,0.27990692230378916,0
0.6069543331750651,0.5507386938646461,0.11951326611891287,0.33338463877188973,0.547743457187378,0.5110096673377562,0.532418931236099,0.37820293860810955,0.6321496612731173,0
0.2591013124153716,0.4526880356699378,0.7842170037145093,0.4496876041868597,0.5348940330720983,0.2882276397704219,0.41742684969123317,0.44149078940792813,0.6585486314073828,0
0.16697753618424832,0.7747541664812599,0.5357220762121679,0.8332621659696885,0.5213439770608864,0.7370497899440177,0.3591828896778993,0.5319230130293169,0.7516970295942589,0
0.6573229291508877,0.3679555671952576,0.21639325926209044,0.22684946647495802,0.45588992464608047,0.2230578323368401,0.31364303995043036,0.5601588243381398,0.4914031109837856,0
0.22606554761964934,0.6131634181840039,0.6306553200670015,0.8518876294364653,0.5169470087264232,0.38458586165312464,0.563759346258698,0.444387357822727,0.38622625794411586,0
0.47888726018477806,0.4861839957422289,0.5253514164320386,0.6340310267159345,0.5632315512324527,0.5269471508283755,0.5161693633060179,0.7669508566020451,0.5811181462584545,0
0.4539266127529318,0.4619018735122739,0.3592312208111138,0.40375121901498096,0.45545058354758605,0.40279196373441395,0.13203972652837234,0.7365401052034173,0.021915487557478342,0
0.5733301875611136,0.5655026134422728,0.29697219726697105,0.3809422848763346,0.47403876604411826,0.5562565477845424,0.5246834741024148,0.7551136713205056,0.36351174616856957,0
0.6464838443171512,0.4138547166544889,0.45147963518900436,0.36018375676031694,0.49746766534106734,0.6069325734639064,0.7186464561377157,0.3034671807270852,0.3359307211552304,0
0.7376608269835953,0.47848112061045883,0.37294511151932497,0.2528571322155615,0.4266754811104253,0.34119560047753633,0.76289136780641,0.41168165362247827,0.5485771750559715,0
0.7246905439190889,0.617753228939385,0.30787409613897504,0.5524567584805705,0.4480357170791935,0.37123597619142346,0.7565134932079774,0.364019455213413,0.45216232249955435,0
0.5984972472152338,0.49816238974682087,0.5355209986326782,0.4559576879789932,0.5793279426964655,0.5985542526420926,0.5547408396688758,0.24397486279350258,0.28581919891055263,0
0.5805016201206601,0.5249948791288358,0.25666199311746524,0.43857546815995824,0.5751860559730715,0.48613871256018654,0.7533891291740845,0.34231199626163766,0.328996278256311,0
0.28922640625096874,0.5079021769737474,0.44166112138202634,0.5897330934609154,0.573727325136625,0.4838890651609406,0.513729964770379,0.6675001053276953,0.2627167811415741,0
0.6703188650777647,0.717998938030043,0.29803437484947565,0.5619516211683924,0.4041664784949754,0.722440086788416,0.742108620887121,0.40278953695420655,0.5569170230025171,0
0.4754176820642809,0.30990839883135696,0.5407503159084415,0.4655145158754578,0.4964926503943743,0.4195558381520829,0.5921894618164534,0.7443156820179158,0.42601661998389584,0
0.430784944589022,0.5555380779970879,0.4303128736911428,0.5961868487378217,0.6679696365243212,0.6168894304707764,0.5807966874487305,0.3901997284001097,0.1325775850077783,0
0.45126000334146854,0.40452467817106125,0.6860272096242538,0.3516721471711194,0.5495688047090644,0.12437840301226118,0.6910171649738819,0.1352420455820082,0.701689535170819,0
0.7961038798183586,0.6009252486210785,0.34806537327529063,0.29345808716970084,0.32331635149870197,0.439445822203497,0.288350256692963,0.5967946533154104,0.26930036272789765,0
0.18478457427050646,0.43244262708148173,0.7573888820917692,0.401907801026342,0.4180158647129115,0.4541018702459831,0.8005630971505703,0.45299653473971957,0.6239635206075512,0
0.6106120898618809,0.7055875832265214,0.4830182480786217,0.5973046586707953,0.4114661595733827,0.37069092552070954,0.3455174738887584,0.30581244031098254,0.6551738969971932,0
0.3893739651048415,0.7629353088049596,0.5528037074502011,0.5741468385348709,0.19183113905959132,0.6232922193668954,0.9355424194811698,0.6510525838174486,0.6086596748786378,0
0.5262946601846449,0.37848367717475134,0.3957406795281535,0.33357764974817333,0.5479737291974053,0.36829381059343425,0.8125876252043173,0.41748782829936126,0.8903508975806247,0
0.71481843191732,0.42405351726782464,0.2924073957802344,0.4225789312010553,0.5718186922067482,0.7969215890315302,0.4777209961810307,0.5636350940613201,0.243553030032498,0
0.21256710875565396,0.4591413612694402,0.47278664548260296,0.380416085184582,0.4672364325907603,0.34555397384511244,0.3499425091370571,0.47109935873169384,0.5143261577522907,0
0.795535641255036,0.5162361716890774,0.31520076147408305,0.5823602064602436,0.6559097440680176,0.30342935356170075,0.5475169986223386,0.46555481292429196,0.5358705233388722,0
0.5715274864479782,0.3985800799396246,0.26320617068826463,0.22720371872693537,0.47388214456389177,0.9231476906517004,0.45418594104829507,0.18132589153762366,0.6137704307176667,0
0.2835737644604562,0.7272762815159812,0.25889037569134393,0.5863251726016635,0.400877350152789,0.37765395352116593,0.36471822584214386,0.4938366228373712,0.34161179563361793,0
0.30157997223569016,0.3888168417849795,0.44756237093762063,0.2568196051051227,0.36376218842643077,0.6852459821017726,0.39929583675806213,0.4122972263858667,0.5582741307269885,0
0.6661944569741971,0.6551149011193748,0.35645962592152775,0.7962485460296432,0.5700045988866675,0.665429950483617,0.9393656849483636,0.6063258227590007,0.21078078096038572,0
0.6965074583344824,0.6243828846936246,0.644877760732898,0.47507098295346695,0.31550747544250624,0.6858793916369806,0.6032140327411718,0.6591653183279804,0.5161966225018066,0
0.36930301816198147,0.6397500238715382,0.4794072546136176,0.7734855705404059,0.44019823746194814,0.5381399196989805,0.5209433787160397,0.45440660216958795,0.3759142365541426,0
0.33460977469176556,0.35490791164731533,0.6332090146377498,0.48526003986101257,0.6050130195062009,0.29815201339593206,0.6423065210900677,0.4897256940901787,0.30848278004010815,0
0.4616683599783268,0.7873921875025265,0.3982414755397981,0.8383529846203719,0.4453252622162566,0.5305615989726551,0.454748496354996,0.45130558462952836,0.5060043636916145,0
0.5170832572064565,0.34202595189150753,0.6459043627819183,0.33343360524937354,0.6139867088193345,0.7294159480010194,0.7112514942916973,0.6501726904549902,0.32825654846317964,0
0.3946417551203939,0.32621389903854586,0.5027997178558116,0.21431462226461112,0.47005154407208294,0.770998503992275,0.6490741768748187,0.32581307146272026,0.47995686477659727,0
0.8328414195997919,0.7188670738222944,0.09528002906661656,0.42966519915287066,0.3428952738206075,0.28227925797980447,0.354219512117275,0.6439855383216077,0.27788383633527114,0
0.7153364366494367,0.3080712521203556,0.6187723481007023,0.2744650361531612,0.6857665215273892,0.425656373740292,0.4647610440495683,0.6023234359474736,0.5480611528965614,0
0.5930892605400855,0.5131310488548047,0.4199954234266927,0.5306157914013585,0.4193012733823672,0.36987473124758546,0.25233729132024335,0.4874235717475775,0.30024042549693614,0
0.5117353178604885,0.6224860619210548,0.4454319220063506,0.812674106471138,0.5743666464842258,0.2890813100696001,0.6786421259339017,0.7082330473009658,0.5558974861943942,0
0.665429916874398,0.6008467870271631,0.916172087984303,0.5720424117144323,0.3444913204900961,0.3632845183849799,0.4209292842193886,0.5489555243357339,0.6894026622937168,0
0.30627549293326084,0.249128381269904,0.5842183910685499,0.40015999305956634,0.7219284822311699,0.6070341456186056,0.6427579642780353,0.32112332372614305,0.513112353632366,0
0.9092808636063762,0.46220521271552023,0.19394708638249658,0.21740884966637178,0.3696795140855727,0.28776685993142975,0.7342954384829307,0.5261730168710246,0.496741335023599,0
0.28614095900029124,0.46308457625126254,0.7285660925034533,0.6220673257021805,0.5852916590397705,0.5190451650997534,0.36516707974386203,0.988845946185532,0.03124287447741905,0
0.7463664713860638,0.1907224820748118,0.23102164641878442,0.0649044210829537,0.6805385800943246,0.6180737309421603,0.6471352030354783,0.43929676494423353,0.22764577338555403,0
0.6414726618132426,0.5679972715313243,0.5902849794947996,0.6779786926343091,0.4252577592585185,0.5100839054371098,0.2575039515757027,0.47252377984590166,0.6772141299534449,0
0.27990650681188295,0.5470581876882519,0.4978377035204322,0.6163395585830335,0.4106852781463822,0.43799394177985573,0.4774804398659901,0.6979474182983784,0.2500853677395403,0
0.4151944512025678,0.7441951872250334,0.7700149814753697,0.7576846063741565,0.31611696588912364,0.3455120402358964,0.20884595702863518,0.4172199622740975,0.09577576087412282,0
0.4621729330114218,0.5050247800560139,0.6115188358210624,0.3610094592583894,0.35738711384665545,0.43481367357008527,0.7833067810808635,0.3611450296268578,0.3099902831685328,0
0.4814502074861221,0.5869437615740348,0.31529482821029814,0.5138929099969798,0.4189823468739116,0.8178973573150323,0.5894439169443989,0.5504907557886526,0.5294736177370043,0
0.6272016198703162,0.6797182199356551,0.45238174396357655,0.5889958705808838,0.37976950679509336,0.4000606987939112,0.4036712042932197,0.6463236292019082,0.6108302005373415,0
0.6605340754495318,0.5472054260162662,0.5385701470506521,0.666286328171596,0.4965349463314106,0.6632364038612647,0.5442507643241604,0.555274764026479,0.7759392414206099,0
0.7217651983783911,0.1937412544154091,0.49296498753307844,0.2881580917676172,0.6718567998041197,0.45631612477405664,0.5857054047828518,0.5686925984466945,0.6865402033626332,0
0.6454220675682211,0.5351261095867427,0.5706974429038189,0.5655017334004498,0.6615450412990022,0.8787639081832636,0.3549658862640478,0.5712878369527534,0.43307254012064533,0
0.7602799669029942,0.6609010017074083,0.5077249406982913,0.5602096970522517,0.3051204387871671,0.7920026282180284,0.5555458785406368,0.2440999232091483,0.5559289467124724,0
0.7443819269990984,0.5680682488003974,0.29259111549207956,0.6804706444180858,0.6169451518755275,0.5919450431656459,0.5744574087139005,0.981574162899131,0.5245905074358097,0
0.36261697384565983,0.407189181694573,0.5324696466356973,0.3804524398833156,0.6507372318747899,0.811470245703975,0.12862889514472867,0.40422339621953113,0.7235497303925376,0
0.6492343113595075,0.3092347421964763,0.3975489452577105,0.1085053175248056,0.49203561526137607,0.3584156562788342,0.3963257638866288,0.382305841856147,0.6474424770110633,0
0.5785883352091459,0.7669555970907066,0.40186663244113197,1.0,0.5862561198978121,0.6949033397745752,0.17635543981971144,0.37399278945081627,0.3467738369536385,0
0.5965002717258069,0.47662756291841357,0.34701209760672314,0.5945363755647461,0.4554232356950667,0.22206647774709926,0.44385498618862884,0.7672419686012768,0.34120896643124,0
0.5760993828686802,0.49897419831684936,0.6036198558447521,0.5314850491737085,0.555598772399125,0.2825279776031273,0.17126704025693523,0.42738299490533344,0.12323504834528039,0
0.45333383562322904,0.6392862999892268,0.364445978389389,0.5241793480029789,0.3377249082772164,0.4672444189768047,0.6590936074670265,0.20272189411269467,0.6244219621727869,0
0.7305801502148006,0.5731985400151615,0.5968621899193451,0.51139825268048,0.4784128319804678,0.5073810120202293,0.09252253802644769,0.759733308287849,0.23824744454490718,0
0.5952432354208093,0.35069588571824417,0.3026160461994705,0.48105674713353874,0.625929430113394,0.3423645515477912,0.33873075054519824,0.18525925452555803,0.318644832286424,0
0.698565906347191,0.2685986939410784,0.5269889147286962,0.1398733893638569,0.6282006769727937,0.6406772298190077,0.19834503379191326,0.5135788362902434,0.22139871710923878,0
0.4957841493973817,0.6259617247171381,0.512197488934061,0.8367943854460344,0.7332928439064719,0.37223705715558664,0.7592259129572179,0.4215847486976596,0.5999069758721737,0
0.5963820301869381,0.6265160176700736,0.496159496959998,0.6029277748456998,0.7471845051448547,0.19171749355949175,0.48665613417999004,0.5298695348029518,0.47932296049334294,1
0.387008044928409,0.7793157123291609,0.13583052517208974,0.8132110845452823,0.9216424735223728,0.3388040359258756,0.38529704546195026,0.6988957781739442,0.3987184908433228,1
0.46656027422500135,0.544202850028007,0.4701357080554521,0.2595164368631826,0.10326648554029617,0.2955874060900627,0.4346100930804279,0.6592086606103248,0.3390199896552122,1
0.46363047580170647,0.5463127009625611,0.4487732253958849,0.37241500614119505,0.3602239606655477,0.7600488130772117,0.3668941586962905,0.5739133181321937,0.711429095017156,1
0.5743751955924742,0.6134104636508513,0.25125925397546,0.9890541001831502,0.8138799640188231,0.26490265583848976,0.3666928842372265,0.4033519928424179,0.40663291302065835,1
0.6958715685695982,0.3802021446963928,0.5194632193269291,0.5655529401555262,0.5923032784143368,0.46949097376631005,0.3862563481924133,1.0,0.3877107862650774,1
0.2944420560057418,0.7189389138410099,0.3304587178934981,0.7589196232405483,0.8670712316249937,0.5483149573295293,0.3005373599464223,0.4909114256535734,0.47536398929378604,1
0.5885975698496287,0.4871439043125712,0.6094101935884559,0.5629324112989341,0.4445459863105958,0.32424856318854445,0.28945190363227913,0.46945180267412207,0.3110776817640736,1
0.6055888517389066,0.4811087711878345,0.3033721284827659,0.7369671295724067,0.5481058509800171,0.6845722849614082,0.46584069053198235,0.886264306790298,0.42614497277345686,1
0.5166998538093153,0.5077525922937187,0.6023778077077658,0.44948638060851426,0.6254335298093204,0.5474110667357516,0.39497915976870945,0.2998814165816169,0.257846261024231,1
0.2097000146552507,0.723035022559085,0.3080711075902117,0.7894556017947066,0.7672552308026757,0.7195277604477793,0.6599292291125192,0.589583984627347,0.32069442032582973,1
0.5920986559570645,0.6359130592772337,0.5076254316641419,0.6976668274530042,0.6460140920765645,0.7083252977953272,0.5528965941448376,0.5870221634048779,0.44371458840980227,1
0.133925962333595,0.5734714273289185,0.48472994124243035,0.3371047611981931,0.4705045829937389,0.13946741092462978,0.3229326310133022,0.2691107109267664,0.6459885312464347,1
0.6007067037289947,0.3925706429174775,0.3770865512612197,0.40443295361989934,0.5694960231237621,0.8614447288025455,0.37130986094542784,0.6795404410353297,0.5444950225967633,1
0.35419130068886756,0.43912616391093307,0.8300503746139796,0.1795680070236311,0.11334034784550011,0.7308412398638772,0.3328094226528586,0.6289175578767491,0.42436371379511795,1
0.5312978995410409,0.23656215724276997,0.695678705965151,0.0,0.07314615204180652,0.6750462311417172,0.6699742420013157,0.5798737798295879,0.4551349420919844,1
0.55557829317528,0.4157505461836953,0.3251083708994822,0.5431883341641301,0.5098845009572938,0.6232120552682291,0.19473865430685922,0.6911677135324381,0.6233753677562097,1
0.5927559299887444,0.5981648188190337,0.4815918471548282,0.6675130290285997,0.6334634961072265,0.5663878274484458,0.8982054239151499,0.22803460405715328,0.4288833435384906,1
0.6610163295548144,0.28846564403683894,0.48933739719362357,0.3240397863528451,0.37531100519963834,0.3326805019438324,0.8207507523037121,0.6432014762378021,0.6764739541550446,1
0.4706668194536054,0.7677254669705511,0.17291461473019507,0.9088152920889665,0.9146159915488997,0.38058462031805,0.7514016085915544,0.23099547235029647,0.4624365716481448,1
0.20469543418943606,0.5411979788957305,0.6401280749961185,0.2644014227260055,0.45228719942755113,0.6812784210204405,0.48250548251258346,0.4862905738520638,0.7416008140898404,1
0.4422543632382885,0.5103844073367684,0.4978057830454068,0.5232400308958914,0.6705458668860232,0.45812175218010387,0.030897170766260303,0.9594492733710741,0.43179068266196957,1
0.7254395690955648,0.2504696763680275,0.49158019799261055,0.6008998534018141,0.3615692093594004,0.6189497001845153,0.5744630642616331,0.695259189827654,0.5987300563040605,1
0.47723259089420367,0.3177718681551484,0.9083284513361813,0.02418439833245247,0.1723231782853215,0.2190909189565437,0.5920887925966679,0.5710345381307805,0.28678860647857035,1
0.6349065860981372,0.46864021867376465,0.3786365416836927,0.5967544144388407,0.49935709739440554,0.5129071951309381,0.44144086331463517,0.357683323958937,0.7080500473826264,1
0.24877144226037018,0.4260513937780944,0.4016270013528093,0.1169567261749999,0.21857899189157023,0.7241596466736787,0.32802804662358365,0.6647969542746097,0.41756977009179835,1
0.5538937652486963,0.5398832145002488,0.5677267206515209,0.6317956015351498,0.8842380014000475,0.4519689632831174,0.4384908525408592,0.5951320207599804,0.16594294876605473,1
0.8103401913931678,0.2570129802914613,0.4546183641182717,0.33852419204108847,0.2682708786152747,0.6103601156735028,0.5008558023850043,0.580458387541465,0.5529259829964565,1
0.3554751459101644,0.6669641808704727,0.296483716890639,0.7518940866772975,0.7138539987320964,0.3021360218392367,0.45251615082052443,0.22398680935585732,0.24807929251989935,1
0.5760997762362852,0.41086635654546266,0.7539398296963744,0.3851508758313259,0.6727366725332448,0.27856184230232206,0.4826441421910025,0.6935259939786333,0.36805920420343874,1
0.2931442420858616,0.5537943160617971,0.4110406190789084,0.29230602566189734,0.37067367800371276,0.40020680071428194,0.28167830229657836,0.5137812998861703,0.24676549448119617,1
0.22224957021592398,0.6768607893520822,0.37534307599590605,0.4929364377800392,0.44917850593675535,0.33879977444624393,0.574425657151561,0.660381917516016,0.4857126989200176,1
0.5040338823849028,0.44415020255673743,0.5929876777034174,0.6799468153786575,0.8450353677223834,0.5781426205237374,0.728819470186103,0.20571450525343518,0.4134836321927048,1
0.611322768246956,0.3948382528943934,0.7182172465156244,0.5809110139900697,0.6281896303658352,0.3169776511573243,0.323571157516314,0.4291169565565295,0.3174903913413391,1
0.5655984988272623,0.6584212638015159,0.3272803566118525,0.44526544553497943,0.6576420712690805,0.8467545621763403,0.6895184121134225,0.42199097943324326,0.5546594532800626,1
0.7185623833440813,0.21417364548696163,0.6311679964547243,0.05955188169189759,0.0890039673006122,0.5915660951116986,0.543898950656036,0.6553918872833484,0.3329350596551271,1
0.40427105476819614,0.6640957359262252,0.4106640067359034,0.7335655596538895,0.7962935591022203,0.6997523110443413,0.584403753905879,0.371415925982146,0.7499382014125643,1
0.7937930834610314,0.2920746716780603,0.8837460104696628,0.47227577993023867,0.46280978344442814,0.3194311265623622,0.4062764336094078,0.45473433320003215,0.6203689444549283,1
0.22877556319583567,0.5736770856251077,0.3534559951077702,0.31206266941429,0.5771071743989743,0.4497183329513993,0.33242508518355,0.714028211241858,0.3459888553580371,1
0.38604507813256367,0.1879057429454028,0.779230194740592,0.06366319289238435,0.268559190663973,0.6072625601300017,0.8705039204626618,0.3574744749127067,0.8306019696653794,1
0.44710857224592526,0.5317296620651266,0.3776605626529827,0.6542651429187687,0.6297675791864666,0.643364029653265,0.2732127665338279,0.42578971967370816,0.4771074029469938,1
0.5769182007255118,0.3332352913738737,0.8108543111013375,0.36172394907845346,0.34432152074597305,0.44993035782749224,0.3940585272062461,0.6601856951375221,0.6868405093430219,1
0.6074230219814709,0.4067649554959453,0.7730574513977805,0.38033440598813784,0.2770595181803531,0.18541941361041836,0.49957353391761344,0.600723055652875,0.3863986935621944,1
0.3133948804352337,0.6699682644901882,0.2925297378835104,0.5714498170826736,0.669584277805662,0.3851172244596642,0.8301629897892037,0.9498135869432635,0.5156112792301802,1
0.14889222626885007,0.6914343929713503,0.15795477541892342,0.5451155174732044,0.4667606577201538,0.4685480173518994,0.4172537460617306,0.5285416750070125,0.03276134229696176,1
0.42145909324157027,0.4274682379246222,0.7452778902774314,0.3026643467513792,0.6975401395230052,0.6834945936792118,0.6961265931744981,0.9350110402414711,0.5161790459919731,1
0.9368218937989233,0.31421100000001334,0.7717914351844853,0.40145401874490366,0.5514146438207103,0.6429041822802515,0.7811521172960864,0.2505515463361815,0.5548451845649679,1
0.6794284383780579,0.4689666786842528,0.654002058065953,0.30671412712534324,0.3688624589164298,0.7654858949646116,0.43007541673673716,0.8504011791698632,0.37288072542999295,1
0.5684688435997378,0.24481987196726457,0.733396034515787,0.016498204718425568,0.13313202245658776,0.16769000596116412,0.6965903784813089,0.4556986480136048,0.3371242484605024,1
0.3326444520375645,0.5026771238490942,0.2844855277863419,0.3166603839729564,0.24682129728551494,0.5398985578979808,0.4889020156163894,0.5212041137001789,0.6030587714145774,1
0.9460742188859176,0.42604841406036237,0.5894704025552004,0.8054787447328774,0.7822821057139214,0.5635707370887802,0.59044176456988,0.2775462124415845,0.45872426967910773,1
0.33102353469212276,0.42061258343999985,0.43022593700275835,0.2679175788649788,0.29173079444086825,0.6683566565851207,0.7974059318825105,0.5225157205305322,0.37057439100490225,1
0.46699903982606705,0.4053473368303129,0.5991072849269413,0.25738013440817653,0.26514886727781767,0.6074925185388501,0.516491022674198,0.43174561220173835,0.7214004078781838,1
0.3731964812284982,0.44867766670142417,0.5534599116843694,0.1505110621538721,0.3187347298060263,0.3401677772310943,0.11893345713982334,0.6601716208917453,0.6821511884005225,1
0.40891782370027197,0.5857271249547253,0.2562806781876675,0.4790733768470777,0.3950671804601126,0.3866443058684024,0.36459078785552945,0.46048753446048596,0.6365901166056334,1
0.7137450353296976,0.2743366253996177,0.9130863970854518,0.2783952927107754,0.36505809813744033,0.6601106185049066,0.5898568479105668,0.6127853320101466,0.47605829730862065,1
0.6205238821298975,0.6744022185704901,0.2533253559147955,0.7983070161443719,0.6627067210594648,0.5548432081553174,0.5303576927406143,0.6571398007542374,0.09839734949339733,1
0.30109970737895286,0.5001410409854053,0.42988507730790726,0.23054627109776227,0.317272791346992,0.32551227447193626,0.7449284855618515,0.6186608849865952,0.6093954240035663,1
0.5206329630933305,0.37792485002889975,0.7712319932790531,0.22810503588849246,0.3184412936110091,0.612917080263976,0.6356685827453799,0.4580941640263274,0.5706385087609772,1
0.8565889089785433,0.27391673906109176,0.6751019340787172,0.2571845222548561,0.13679565531523338,0.4691225395424087,0.3939304746873389,0.6164438555030077,0.44085959099825506,1
0.0629751688181107,0.7670041547776134,0.22064591729248392,0.5503883509050637,0.5188543930595015,0.6820102225550672,0.46869858914054163,0.3040314135367805,0.8486876214293873,1
0.4490917686850746,0.5310274759346857,0.5377746007151539,0.6050770799149663,0.6730664992065937,0.32210005929657914,0.6501171368534778,0.43985430526382113,0.35945141014334436,1
0.35651296898296575,0.618570804327506,0.2879605697271954,0.5823361040504,0.5051656054315384,0.1813671127532089,0.5175145032243811,0.3707344501083171,0.89666450634899,1
0.6831412396252807,0.29222584079057645,0.4345025309418681,0.41136742751876537,0.5050200225701297,0.7660022548214408,0.7181168037859821,0.2571859562544432,0.7944848750053395,1
0.4062843660601997,0.34540776392210376,0.9104423056714783,0.13429469451603657,0.3510152130324924,0.6299433846997843,0.7462858361400678,0.48221521816797003,0.4361855737704247,1
0.5369441665374635,0.2590365363369596,0.515054989406141,0.12170833045569061,0.22576170908707638,0.5209319944244332,0.3034622639145329,0.7538458678749917,0.08265276945157365,1
0.44143674130693716,0.47390632346547484,0.3220742510699115,0.37739513805054964,0.4064201679129911,0.3155242212345954,0.6676207422008803,0.3443886059833446,0.2251982105153443,1
0.36791752950439477,0.49515030973757324,0.3567557774462505,0.31707310522036786,0.3479829849515312,0.3000422779256891,0.36543164492576635,0.23654459720480475,0.5800568857922508,1
0.359362296549194,0.6655740762125321,0.4001846647879855,0.8603725709824119,0.9234631832955298,0.2702920125732605,0.4957871128739579,0.3300852402276016,0.49100253121493975,1
0.627557801543278,0.5902806928749248,0.3093413835450205,0.8368790901946316,0.7678281594486982,0.6419336520449761,0.5078888375088623,0.13841387441871852,0.5783744355972,1
0.7264852779111131,0.5200139002921954,0.4319853115826781,0.5356152494517251,0.4333193369344565,0.27348061542427665,0.6093828144120607,0.5969862403512588,0.3795385914909215,1
0.48514818226581485,0.3888592021430623,0.5705029430972581,0.5114929111253724,0.4297191543337905,0.2149632692009107,0.3581290099636337,0.8294148495811235,0.6516120271009801,1
0.36432933237832194,0.5021129473635123,0.5012768156101991,0.31389833035011355,0.5228102475056634,0.46390798914436443,0.3192054586759916,0.42364121617070594,0.4391627573735001,1
0.6033790761006815,0.3731195597953458,0.744757693280393,0.28557813994647824,0.2759486135371403,0.19626385357457152,0.02030785541477567,0.6104342789499553,0.7900062286407278,1
0.3823466405795858,0.3840009445807037,0.683156102838523,0.301929818116231,0.149926584886854,0.6001884011627476,0.6319405491186825,0.2675825561806355,0.42929271834920646,1
0.5145085923195645,0.3889940823737453,0.4408130416366863,0.6237268666669434,0.5208376962128183,0.36127071132468513,0.6699153087756652,0.7591284223709693,0.4509460492663657,1
0.4495897777441108,0.48278506757892836,0.4515549849121466,0.3607282604662847,0.3766940840050273,0.467852957701228,0.5858518570506576,0.3979761646011788,0.6294320906816333,1
0.40383172723001615,0.5528892704665843,0.5786383655132784,0.6624269767522646,0.7405907243702694,0.5653451189680062,0.47638722516404997,0.10588333364084136,0.6475255444525951,1
0.24754939118138816,0.5944603409155867,0.5066479098442785,0.2718338435484051,0.4206645271326403,0.6249969439563433,0.5069182837032749,0.6280443006292911,0.5911647982054825,1
0.6449589777155865,0.5574739623031022,0.3460524676946636,0.48426156722410546,0.5096669473015327,0.785000068087302,0.5275331220100841,0.5757298590826617,0.2202010767637117,1
0.5716891729372076,0.4257830134559066,0.5132214903075953,0.34294393002448503,0.3264751697243173,0.7017437507949793,0.3682604696270078,0.6644939442929649,0.5441337749067736,1
0.2830455803600958,0.5101938255488881,0.2971233010151722,0.42731628946969086,0.4761499574629408,0.8643339968669539,0.4837044412718676,0.44205887176288927,0.5300451393553757,1
0.6089514418770345,0.6446843434740057,0.2806022046145034,0.6192558350313866,0.6272412743901012,0.3308965877401734,0.5747952431569651,0.7097052729159476,0.2531258901903421,1
0.28084179827636035,0.7302649668778817,0.29910333335710315,0.5289115998079945,0.6096204816437102,0.5254477270200877,0.2560466645382193,0.36962815835876744,0.7084082506530072,1
0.5572603755315191,0.37632383022315863,0.3477361640061288,0.46768002241257534,0.22845161495993005,0.4435363992095053,0.3257857963777759,0.40494402258120454,0.4358381427517883,1
0.6182239661224,0.5952646754504175,0.7162016433266335,0.5803709593626402,0.292023691843125,0.33646205391771,0.6974218704930824,0.6430990833985957,0.5317056599066964,0
0.7718799528123688,0.48763351216532963,0.20698564317275842,0.38009000294024864,0.5581667270021086,0.8009257704252254,0.46068524207796324,0.5952648651942328,0.3346385062618937,0
0.266271267776249,0.4739158997564076,0.7638682638048337,0.32916650272100906,0.2566151131080687,0.3965437962273874,0.5843326831485058,0.666680019476117,0.6128783023149883,0
0.28552686858615023,0.3932763049357721,0.6028452638437418,0.4224574952864639,0.3935753078563333,0.4597351331324456,0.23657582038649666,0.6547621059230853,0.47463905897423725,0
0.4427058099305612,0.5250965253491597,0.5278319181661065,0.6811403808436771,0.5932215314791185,0.5693786426797768,0.42262272709692666,0.6552857297798215,0.5412807892740903,0
0.47209674177683836,0.582090125480977,0.7281832288418768,0.536548226570065,0.5363476205628714,0.30695247551004345,0.6333668666605027,0.21816656816633231,0.6007235609924766,0
0.31269861371688507,0.477139783418733,0.38856098348211426,0.7638871563661883,0.6566098232746647,0.7471710809199495,0.4761965697485257,0.5096497296466723,0.7788647628814659,0
0.6970496808010538,0.6258986520104036,0.40640515897238616,0.6463356441099635,0.39289496243070865,0.41986217640133316,0.6560548211402194,0.18792578141667846,0.4308937056426911,0
0.1720768203076421,0.345620460721881,0.28876314916518453,0.26507990577615725,0.2961650067756077,0.469986513572148,0.3588523991567107,0.6079667053587572,0.0786635500777539,0
0.7709340840931211,0.42347927019040577,0.22776544144797867,0.4641186494804111,0.7617240827071439,0.37670402504824246,0.27831968973042026,0.5219002455455567,0.4487201269313085,0
0.273744122679888,0.47721216528433064,0.48914501998664645,0.37984016083094724,0.18383136694852503,0.33234555090292245,0.5728573633185037,0.5269775252106538,0.5335448342157836,0
0.4275690504586858,0.7817196515076869,0.9843522782947105,0.5362160230859099,0.36739675789692616,0.7606281859744894,0.8608904351467711,0.7742320038651845,0.45544054065704953,0
0.6570700175019373,0.5160602283516574,0.3065215611783223,0.7828197370886976,0.8481313481214314,0.49258871696803913,0.5241586321135702,0.8639428170317508,0.535039733405316,0
0.4230774171947723,0.5684397202232156,0.5985407696084143,0.49418813224737934,0.35852020409720486,0.4807965184915413,0.7001975416525728,0.12960128877503457,0.6965280928926602,0
0.5587771436963517,0.43241424623490454,0.43536575063968835,0.6313049521545842,0.6709965031935616,0.6067440461262699,0.37327092717061683,0.956690392472366,0.5276818521670604,0
0.30371705061208043,0.29571466915379097,0.2623261805964141,0.45788960659445394,0.34899012153418535,0.7449691085904572,0.5011672433989929,0.5425429909384849,0.6612814629869186,0
0.6928317651176004,0.5719444882338663,0.3637461867975272,0.4488852913511386,0.6869187371715819,0.3210226858890649,0.3662133592819632,0.6697382156919869,0.3528001261328426,0
0.3282160584741247,0.47887479043447356,0.4155513648585856,0.42698781963951044,0.4682369384233673,0.548069701301927,0.45768746697312307,0.3824928274800347,0.5307025668487837,0
0.48808839346988814,0.37465112766541087,0.338416089172935,0.31443128327646647,0.6717218547602775,0.5196703718355665,0.9198090925569398,0.9517748459006996,0.4755569797658649,0
0.3824559685664281,0.685593149982046,0.5499165286898193,0.44607045799316974,0.33043326417875735,0.5058281493052876,0.5091916506992089,0.5555420760840859,0.43177464033729007,0
0.699678438153424,0.5050097012114392,0.35116588082895295,0.21305585725648218,0.39400773294590674,0.5834894920438147,0.7462291767009747,0.1931839148221689,0.38793136379754073,0
0.5256863717303752,0.6047867548362393,0.5145065237133807,0.38106387846824374,0.36039139783869734,0.9372220668068916,0.6472198819525674,0.5871458781550091,0.5416476143882158,0
0.6675341030754073,0.6082956042326729,0.7930452720032811,0.6556259172525364,0.5633226288193834,0.8149678567405644,0.6745420681345214,0.4585175790687104,0.599048349593259,0
0.30934760451196613,0.6281961574160722,0.7598634371711265,0.4384682555992578,0.48938627552850955,0.5070766758496956,0.5718786074826878,0.48423853036115216,0.6474789666343097,0
0.2885276710513604,0.5641182719368643,0.4533062069101198,0.5226299052238609,0.6094474691141537,0.7174338541484201,0.26554957723707867,0.5436398752248888,0.5813848114075655,0
0.5303802529404311,0.5997264176037711,0.8660261500524666,0.3360542260834087,0.15628976302688058,0.2900871770307582,0.4845168355866217,0.5467862671327609,0.7061614137003323,0
0.40075136441687453,0.39640902810926426,0.30464431138342374,0.4925715881141084,0.562555897129554,0.49006850256730455,0.3569554113089973,0.6354033693207127,0.503927911355204,0
0.499820790694524,0.5546454970821059,0.4864178790112661,0.5179891180153513,0.3612056713562471,0.5339903949726562,0.5829780548208574,0.4912890775241163,0.25384274901716103,0
0.4430074443001468,0.4959799559821996,0.3674365137532127,0.44182701900736376,0.4507909312868182,0.2286312832264312,0.39439120423762725,0.7276235204062527,0.48617545795709355,0
0.4405313116985228,0.2655060230130706,0.42235815878126426,0.44426035760777915,0.2592334105733342,0.42581023065562673,0.7163351900625653,0.5086161367448016,0.21333015504289454,0
0.5245602746184707,0.3950669421688531,0.2990793345032187,0.35570159252356065,0.4247953212961224,0.48865619184781856,0.38698725555267377,0.46620474455667976,0.4450150391161105,0
0.4475116329201012,0.20845829717145173,0.2496556902718663,0.4587273268081953,0.6785063740542193,0.5096501453040392,0.12406579747095323,0.5859782412268115,0.5258235409985578,0
0.39561616401249544,0.5562138019969846,0.735166754831635,0.34974957653180644,0.3307271582204847,0.4727053450444477,0.37333366800689116,0.6519431921721873,0.04959451738145986,0
0.24125639945246222,0.24804198269885613,0.4275017883616897,0.37993625157520583,0.4901403322843811,0.30989552064405557,0.6028868673785334,0.6055924712561545,0.5264325981340852,0
0.14197091272367215,0.32148877855682206,0.3553400175352515,0.27572646546766016,0.15231365286807916,0.5487291673869149,0.3293689339461106,0.7424930382310515,0.5328113534873499,0
0.14395370518680484,0.5172863793868083,0.5710078755144475,0.3458042441794512,0.14747637103777614,0.2193929359140121,0.3773041867851867,0.37797664992936536,0.7190049500795449,0
0.5077333886056795,0.4722605048629612,0.5685331113173692,0.5278520773137774,0.44775197347361206,0.7702023273519255,0.508533055897896,0.47417169169690365,0.5034849293387681,0
0.03676487712250039,0.21961152748181223,0.3608679926605668,0.35316804731245394,0.4012501222160968,0.4685904528554459,0.25155359169856367,0.5257038528440033,0.5301020928771373,0
0.66509908518561,0.7100101866965085,0.40900342113821614,0.4698041154149054,0.5234166556596416,0.5838785163187453,0.22570805789839027,0.7084747320580965,0.653770137281174,0
0.6020298272409884,0.38888796405052917,0.6144084522117143,0.5468794490559947,0.4127037522077578,0.34924199949781987,0.4009994455883155,0.3360647021936147,0.3459039348480852,0
0.4911865651174783,0.4428945207967665,0.2963195887683145,0.5290611494099131,0.4862500718723102,0.3304009651955248,0.6323741702006628,0.6334409161639464,0.5513933167359963,0
0.15480548551383058,0.2514767424931499,0.5420787965802796,0.35248806575666847,0.2762008317618321,0.5123384840859637,0.2908888092664065,0.24096963610079966,0.6103103752227204,0
0.44882791660596677,0.4932348478734668,0.4776430428827344,0.42569693213586274,0.6445684424413891,0.29758185895354416,0.33195818423704293,0.49816551625961747,0.15718249333263412,0
0.4670149500759222,0.48649080840878395,0.3473507178478949,0.4509811316943344,0.5259055687610578,0.5324931182940678,0.9806280577619232,0.6075938169447593,0.3258677602024478,0
0.4610313542882801,0.6671764808477398,0.9300644075985285,0.5772699071525217,0.1998425475655886,0.5816258467054791,0.4318288740365775,0.4381298748265206,0.24906018069131824,0
0.4923129467896974,0.6394305478587817,0.758215421131825,0.7331745682627913,0.6316161292572278,0.5260146956979039,0.7403686716732784,0.5658144827440401,0.3324226396972024,0
0.5033807582083799,0.7790836695634427,0.43263687079151525,0.6160376974662001,0.740573455226746,0.3893578093902067,0.4200100067967055,0.3730367575119298,0.9022194319497598,0
0.5938919147151773,0.5000874337980771,0.42190720548368926,0.4719193442324782,0.7844632281071647,0.3034053445801376,0.2968478201398508,0.6210527824448558,0.20332139083734627,0
0.7002374033331216,0.35906058780504724,0.1392376889687131,0.48821970194569914,0.864151311858388,0.4479239233001763,0.5987166682493972,0.33358747551796486,0.31416663497927544,0
0.4838604605137155,0.3504954882054849,0.22564165428427538,0.5383225353328843,0.7076225006988489,0.7473668353858407,0.2759200023908242,0.15235671926358557,0.2761915995625253,0
0.6015109510934242,0.5418756594718763,0.544743681979015,0.5629387259871403,0.4440731365604701,0.6986351871079931,0.661927545583599,0.6684844671580311,0.5300364486711447,0
0.49927813576867236,0.680946708342446,0.5140577714769798,0.34484138656482644,0.4371592634022915,0.5727875942114011,0.46032769684948954,0.6295449933417797,0.4281405443900443,0
0.374963798662413,0.4215238327014036,0.3267733239007504,0.32537763056187047,0.7461201067623209,0.5774586879010225,0.5214347392326187,0.12312868871398196,0.5934592039204951,0
0.3344119404325738,0.41245672239124453,0.47309440000828706,0.4611095917308711,0.36990877189738564,0.5180876900828804,0.3177937913071033,0.5269365495485216,0.569821024407576,0
0.634545356878814,0.513275731536315,0.40480712314069434,0.4707179129637168,0.8028195459249756,0.3882981458480218,0.3054019542580394,0.7475798139400048,0.28096930638588535,0
0.451772506567386,0.44414524994211396,0.4248630974104896,0.35019842603011975,0.5564573492276507,0.5150726898153545,0.8470211293316892,0.027604109986524725,0.42480926531294966,0
0.6575233817181599,0.5289314656866516,0.5547292731588838,0.5940896982210886,0.7666268813944962,0.47472884206995825,0.41360399360813155,0.32997079919014377,0.39607700925704337,0
0.3243959969826465,0.43592742692889136,0.4141082707803563,0.24953876552609502,0.4013422665333286,0.2969183474146973,0.6793440720547209,0.4206478912745024,0.40314351137263066,0
0.7543207822407966,0.7409951356016219,0.464965244787699,0.6070916272036168,0.6511479883617226,0.537697226528189,0.3756131622132369,0.3598985481517248,0.43277725148725565,0
0.31455780908074893,0.3389682430762373,0.39275298561792227,0.30453216104629843,0.545321962930303,0.587303629125135,0.46922362086151687,0.4183507613152656,0.5939936659515667,0
0.4018538852061676,0.2627256687512825,0.4148326746080422,0.4623183275265514,0.40681905182266276,0.6608407474911845,0.5388511534162266,0.5209972755939392,0.330892892688013,0
0.4864817435267776,0.5293826432187115,0.36531491871767935,0.668132963957031,0.6169013953839461,0.29811796822170855,0.869925208805202,0.4318059528920413,0.5628739442042202,0
0.634820650310788,0.5854722238230737,0.37270226954531627,0.7099344563861747,0.6244994867339587,0.7929334208323789,0.6630936997031315,0.5284249471474852,0.7621660890350197,0
0.732222211112388,0.49869507331460056,0.39201693750934996,0.7285195438264754,0.7225336061947132,0.6325842436853492,0.6774093922037739,0.4395882995441123,0.45610400788199873,0
0.7089329012476264,0.41661195839347065,0.2859132970628288,0.38129475266341784,0.7342775597218224,0.6390145323173024,0.708990002791973,0.8184743900290898,0.4159213907853262,0
0.5578418633852942,0.6181353665914815,0.7001454715759,0.546125738609512,0.5185081332413707,0.611231765029586,0.37660320575441236,0.35406851068278394,0.5088815034012291,0
0.4260182302165913,0.3874953445816886,0.514500029951937,0.401415200704621,0.46751994870141195,0.3775921145447443,0.4325774265038574,0.2084836321469633,0.37240840925608715,0
0.6116808869696937,0.5295290567299448,0.45577395263745135,0.309612424613167,0.3337441260540305,0.2267797903674188,0.5497379555752241,0.5613831911164111,0.3394849943324906,0
0.6173871981554278,0.3333477034516456,0.14223396487382017,0.24492054109721878,0.6875022600852637,0.25371079927215323,0.9944491490844494,0.587764508510309,0.5695000688471223,0
0.22662413464727443,0.35445384492739224,0.3262966960717544,0.33680683154256813,0.18256014909888627,0.9286106074070334,0.1277406227296299,0.17636906678835168,0.30389731649290463,0
0.25388200091322477,0.3919486970018783,0.5841107222672465,0.2936900006102254,0.35411863334130317,0.3725709193498359,0.5219325556275619,0.6941094703118876,0.4592819160318192,0
0.4255031959031954,0.28904611027082155,0.3741226474368136,0.24933040720391844,0.2578043678293849,0.4344190771811612,0.6362177181739276,0.6845217837249585,0.3464517080102405,0
0.3177842507331308,0.5493834873328941,0.36757146686598563,0.308369391733809,0.41583888732220625,0.31026479277408203,0.5451845451549273,0.5838136461709933,0.37816208403149565,0
0.641091793825922,0.52269451171959,0.566004121160961,0.42584701470850467,0.4061831419240294,0.4665312056076601,0.3897532972307805,0.4228976465292165,0.6068909649755471,0
0.7460201129907038,0.6369061719908441,0.5290449753436065,0.40904844872791246,0.4578670501045402,0.4687885057128002,0.4479410682999658,0.4677633326919072,0.7826095650584503,0
0.684612312071459,0.6832376082799009,0.3464140701637519,0.4084401998979375,0.4073398132807174,0.9638962249130227,0.28786749029813957,0.5663338202938726,0.3882826821548959,0
0.6184205800779556,0.5951604264853627,0.35228610731697396,0.43708044901885473,0.7501127856165289,0.42257442036547777,0.2317410716730291,0.1932932789923045,0.8444966593568545,0
0.19942383192995447,0.5135577104385198,0.5514423811031638,0.5943533082279135,0.5955118905214851,0.6901969692374457,0.8151021570137958,0.2416358618105062,0.6575717259131881,0
0.45922563529591337,0.5435182328209087,0.5284568081593866,0.4484917115864935,0.5424376593424342,0.5640668660563615,0.5849983878084817,0.4689112166648264,0.4727190408653868,0
0.8192168854822042,0.3658906991223851,0.09350737599870486,0.4092517470263343,0.6789794037295604,0.45394103431428284,0.4650743538172478,0.39556386156956125,0.5615436905276519,0
0.16201081351297728,0.3288984044667922,0.33201660077768536,0.39555716917003797,0.5927871536135843,0.493729451869142,0.5038691847759729,0.651056301983658,0.5258108789740894,0
0.4924238942694712,0.5583304136015278,0.42602670121339936,0.5192455816621651,0.2590598336242398,0.5711837373572995,0.6999618375809188,0.31844517999581284,0.2750406179687801,0
0.33699294185330353,0.424526295643863,0.4926094142743206,0.39480646822334786,0.5680717212151377,0.5495804533653885,0.4197260318992455,0.4943388595740195,0.24553967329795418,0
0.6766747571782006,0.5172633334206329,0.3710975909868775,0.6243921752761835,0.5470626584012969,0.4454140962343013,0.6615403519707206,0.6120699320703734,0.22872856666484165,0
0.25790705165516176,0.5098981503668379,0.37161849529038204,0.4461393436829874,0.4679978203421668,0.22557078750968934,0.3949178374897277,0.5006479768399135,0.7044556731564723,0
0.5444016711230834,0.3985002226997393,0.5718600636670467,0.5308105028563891,0.3892501694582652,0.21386006222560103,0.4039866697486001,0.044281144975534696,0.5252954749279782,0
0.26480960596587844,0.4908880385304191,0.5127401423034328,0.47795319578885403,0.07763379268153953,0.6030560651832161,0.34686024312439695,0.3024970960422299,0.4880813296784717,0
0.7736900363282212,0.7139395528013631,0.680052620865356,0.567524014780931,0.5189675584537603,0.7495939597172433,0.599327824440009,0.40374961074230686,0.8463732218276673,0
0.5758941460466417,0.5512866099016764,0.1823163280368139,0.35812895928794536,0.9070621276934896,0.24296934963752015,0.40797721783035895,0.5112991703096433,0.5629182351711569,0
0.6013584799097755,0.41724571475688993,0.21409599742632027,0.5599321880435995,0.8208614921065098,0.7495623805715265,0.3857314758213225,0.7829764225914769,0.67466448163077,0
0.589492748041518,0.5416941221468844,0.8003297808352003,0.5695155931507415,0.4005519391406696,0.4953169531495805,0.7098727807756106,0.8541272970178986,0.545192495179385,0
0.7616368090828861,0.5056808913964186,0.38533818834786987,0.5702135636021086,0.5184975496057529,0.4726956178549132,0.5551106198557171,0.46914392489185663,0.3435555710217345,0
0.34809541450071063,0.5865575020857912,0.739305126098828,0.36870007302950797,0.3979410174024336,0.6228012333778351,0.3555578497416472,0.44843221739704775,0.7128518762315745,0
0.6861247909234606,0.5172247480357274,0.591869988553757,0.5974690787388783,0.587121754080672,0.6429108215877662,0.22530050054704548,0.4979436739855022,0.25247659974197867,0
0.6474522957825947,0.5728699491527799,0.2816487574750818,0.2919639807411797,0.4486361236235899,0.5996847231540942,0.44449733829639915,0.056120429417231,0.5041994141503918,0
0.416853150246655,0.5959023569009703,0.45990713969804703,0.3782225172457867,0.23729193063487286,0.7173274193740049,0.630394651379404,0.5965068546892155,0.7407208330517412,0
0.4952193351512632,0.653405638036326,0.46126599244846017,0.6552322139282355,0.37461910851992913,0.277138333997178,0.38224172324661787,0.45823201125561996,0.6971908867857775,0
0.056999654955748075,0.6072031513995463,0.7468907508258258,0.2986815834641388,0.3787400616108293,0.5854955173090375,0.7118090653424602,0.3090659403734058,0.5395631661085812,0
0.4922567869720704,0.2548302470267642,0.2692387326129964,0.496428274662068,0.6821780246965198,0.4010134529261896,0.501969139567596,0.6384898248448512,0.2576150584471588,0
0.4583042404109809,0.4073190872524752,0.5412849814419001,0.4843082125254165,0.5371150599951511,0.6163378919614761,0.822501312958806,0.3542592655516442,0.5583470858379094,0
0.45125276076356496,0.6088345531254565,0.36243960145348786,0.5661136981870577,0.6159061081866362,0.3793756596394762,0.5567836336335847,0.09526074680618145,0.7754263437593182,0
0.6178153658233149,0.5017789334383678,0.23554390371732006,0.5483166708130568,0.7459719247959306,0.4535128627248944,0.605182960699531,0.5974691268965294,0.26538239831532995,0
0.6549269035907715,0.40774573355762384,0.4017726317542594,0.44663763494251757,0.5104250484578857,0.8168120802027689,0.5421031855648626,0.46518138386912006,0.21594119509151638,0
0.6118344137710614,0.370535241099348,0.2566275575516588,0.6346242591089094,0.70748928255636,0.4022891589425031,0.4043185031137072,0.3937061687392056,0.23567128142681576,0
0.5020498689333097,0.48276568783646917,0.37021554970626697,0.5718592122828051,0.57993692646195,0.6726407615650746,0.8007647351087899,0.6873128129690889,0.49702569066007707,0
0.6647897927474016,0.37594872551850916,0.1833998610550615,0.3321726116408676,0.5108633602871687,0.3549908221084204,0.4992195342986121,0.31900774894549183,0.614703239696676,0
0.6600509239161382,0.3222215429814664,0.29010418657965265,0.4050479357190101,0.3303263473978985,0.20553261970511874,0.3867663891808842,0.6514898473868288,0.6014522573460883,0
0.4149606946543436,0.4178282297068125,0.2548704003647456,0.36102646665172444,0.5491016242358384,0.35739481306859855,0.6281162713762728,0.5815687447266393,0.17624275795996217,0
0.5091990519516321,0.5681610249586984,0.5041691990514723,0.3925697891732983,0.31724716025281063,0.21176087087572287,0.6541643607079434,0.5552522109940586,0.7211718874769434,0
0.5381116329866785,0.4957920085144079,0.4334054377395459,0.44020533429518727,0.32808811872281346,0.48003371666077355,0.6573490484355452,0.5369883017359537,0.26336356777990844,0
0.2642362649712875,0.350279644287488,0.24491569689602047,0.343093914420091,0.5461308253935028,0.4179162063725775,0.48802167393793383,0.48955693941938344,0.45942857509426543,0
0.4038223034889405,0.38565276679588795,0.3751080570557241,0.5926310776561327,0.6764536234335365,0.41456083835359975,0.3080523637519793,0.5974264489095386,0.272776495017585,0
0.47383255771444116,0.17941364602751925,0.2965602454239731,0.41010758095701877,0.2883665927123084,0.46842405420795197,0.4963043068103793,0.6788017775555755,0.5090168124068953,0
0.44882901023298805,0.5784274678379588,0.454913933289329,0.5183492163094489,0.49647338673059965,0.7169012917400122,0.8599179262273726,0.4284662864931908,0.30457853506819654,0
0.9221922630688285,0.5179822216765722,0.2471810457573725,0.5418752701702488,0.9798194737319166,0.577399067731468,0.6538127480512247,0.4631959997420325,0.471428450423437,0
0.3834891712563106,0.40214613565046486,0.3341689529260391,0.33431295855795223,0.30886070613101596,0.42134189880531175,0.34305704139932197,0.44856865582586064,0.8513626901256837,0
0.47694011323267177,0.3040356306713222,0.12964872567111665,0.373285286642184,0.6902973381840015,0.5348347317697405,0.3163323107656079,0.47303372965895746,0.5662198617230113,0
0.036891444263722255,0.42766309202870306,0.5045924799278201,0.6286597686928889,0.38276290064454255,0.43633311827193444,0.25521033144092586,0.3780349210372237,0.8351391174676828,0
0.718981347082835,0.6066211698575933,0.41825256027621327,0.6943333646475339,0.4539377015376768,0.4315847583983917,0.8206445449504801,0.8558829580967127,0.6394779899151464,0
0.6478958136162896,0.47227989157640904,0.4395887747498613,0.477479350292182,0.711892571941704,0.6695286789683376,0.46658389306924203,0.42030613552798546,0.5020441269080989,0
0.6298440290859588,0.5053206090034579,0.5613113850771034,0.4199582012325956,0.48529742272420323,0.6413624127960991,0.5414227504782115,0.7760477530149233,0.13762068759923834,0
0.61176939322068,0.5413258707918601,0.3729348901095699,0.5253718880758,0.5295870130835297,0.43770669420814684,0.7790597640649267,0.4089236118513235,0.38847150641696204,0
0.6464835410895042,0.2813489864728571,0.22949029081733066,0.6206324618148629,0.9341806662165624,0.6335934712725251,0.5924500015077817,0.5429767853643535,0.5356242089385185,0
0.4793854886386719,0.4207341430627245,0.3190326981117222,0.4526266525475758,0.6810552586002726,0.6566252259612417,0.5231165262597726,0.5836174710375414,0.38268143695269224,0
0.28121765494141565,0.4953509056350579,0.5341489142233463,0.3223631941850457,0.5071175504392105,0.6876761414781526,0.7378309302560826,0.5251218336670898,0.9324539275650853,0
0.4917615004207802,0.5636186455054475,0.5349625737445295,0.570534501929407,0.6106407580760548,0.7776434548683688,0.1728135531599034,0.7621651355976906,0.6857449951243535,0
0.47668567347919216,0.38009377645838843,0.3653103672092177,0.3751926590820896,0.3812444099140666,0.7570721783313282,0.4014399708325755,0.43626592313470824,0.6736326210599494,0
0.462992374390928,0.5038334140723626,0.7755554471032212,0.3400866232245999,0.15135388298412486,0.4178739736564986,0.6909874347662271,0.7946666198388557,0.5953310186244782,0
0.30250296699311124,0.42191384416310956,0.5960413264199595,0.5281660546843793,0.4924012843266838,0.5722160524031361,0.72822908584462,0.5653013787842792,0.5325929860959274,0
0.5717960042174002,0.6298738637822476,0.8125718377448873,0.6769526014009786,0.7035502642750195,0.4263702227945941,0.6731784749728597,0.6340401002100308,0.42024048177984885,0
0.418529625980117,0.6497473534550937,0.4676212425797739,0.7031095128343459,0.5693818793435115,0.3365262209132469,0.7970191741549675,0.29294649764645697,0.6790060538878715,0
0.34456213007121983,0.5460884082592385,0.8313079471405445,0.5928435963593363,0.47793159892205384,0.5880528446577875,0.47830549892895907,0.8586517191719176,0.5933003255313659,0
0.3049560157229922,0.5999401386200445,0.6212028604491594,0.4383329548425579,0.27345992978279754,0.7161575765002824,0.4263424741442424,0.8949972181206726,0.6145019208695048,0
0.26421598119057715,0.5233956536318741,0.8318997768285749,0.5338055706283965,0.3951491942509106,0.8239101459371271,0.6616875536464275,0.6014260614071534,0.33778052382552004,0
0.5050600374186307,0.567059756078432,0.5008296672464514,0.617747997285578,0.54653453235786,0.6689324388095301,0.3755889013515485,0.7038096059672944,0.5354831412262844,1
0.498509383431746,0.660450464105588,0.3616009417121113,0.5891839109681636,0.5940947432962976,0.48460519804934293,0.18781294334802817,0.5026179728399823,0.8023011734447726,1
0.3733655900527016,0.20815859061056904,0.299396162566267,0.4142837575348599,0.8274162826321562,0.4226645776455011,0.8077598984941452,0.2324491933069202,0.7224333522754985,1
0.5295117978200629,0.521492267636705,0.7280203682678953,0.555479022556651,0.4564580262373615,0.6379264433869825,0.3833362479096799,0.2574105532691777,0.49762647335426946,1
0.543998866403904,0.5460413141807087,0.18505908001467353,0.7954848053434082,0.9623550723901648,0.2815270001848721,0.31943481762848214,0.7653239786143871,0.4302077526612176,1
0.7334718353471354,0.4940378119666228,0.25465606597550594,0.5931277458971729,0.4959036548465797,0.694818927200777,0.38254521564891486,0.7481619795648077,0.050937411882073846,1
0.5104748000672631,0.19520294937608906,0.5271038452496815,0.48350898822962296,0.5264395104727843,0.12938947794628608,0.6605544893620884,0.3791825353496139,0.5088036590833233,1
0.2760192942961802,0.4828269332470417,0.48397337493238796,0.39177419933543484,0.6224980779242648,0.3374299580581307,0.48918242386753263,0.11520655981112878,0.6353362238175562,1
0.7148243076419474,0.6418711310318717,0.3663075576877204,0.720503503890384,0.6042603532209133,0.7620211253911189,0.09992916594313658,0.5824188650023447,0.6685206978017335,1
0.4965022481655036,0.6416500310482176,0.355448039488237,0.5655607686846107,0.6061054482722119,0.17937325058722578,0.6650110301433493,0.4852311294235985,0.3532385458163353,1
0.4833721536334874,0.35199599382201263,0.36758519221246194,0.40121602013723473,0.47947055688428314,0.3011997628670622,0.3913115856835376,0.42755594261474433,0.6215645972878379,1
0.8726227473058296,0.4989539655909155,0.8322377937474984,0.5346806922760102,0.08823546419285118,0.7117234610678072,0.0,0.6353164176600754,0.3611210269193799,1
0.31719927390649016,0.9739427051883404,0.6008015717484716,0.4543218568213468,0.32236981368145545,0.5372437993316932,0.6509681355211506,0.5764917922739075,0.3519941190271436,1
0.5886263606171753,0.46786225411764765,0.4391624025337995,0.5914194532552882,0.5322723169121928,0.3909950108600502,0.7563915203149989,0.4103061542348186,0.6061363790148905,1
0.412896327793316,0.28123186194361377,0.49663433193553824,0.4663656415456005,0.7210894761939535,0.3004041874217655,0.3498481776162949,0.495844585119464,0.4356196510258484,1
0.6201564397209022,0.42440645021377665,0.5983277243934372,0.5682910604141367,0.46937471102071293,0.41613894185381567,0.311518919776557,0.3376288627404632,0.5070597779466541,1
0.3676994794078254,0.27356489215346275,0.4689838697130314,0.14647596115784056,0.3447448447582044,0.4061350839288736,0.21159378460887993,0.5550334369593832,0.5470284662429524,1
0.41826498894344877,0.2619579553405412,0.4713635473422818,0.2678813533868284,0.42139930058670905,0.22980652139144703,0.6406291571554773,0.4510105161412861,0.3321538612642921,1
0.49360183519199524,0.6678315757066803,0.45038973692284306,0.26482865809626194,0.25236581036365946,0.3889414743318107,0.4815539988961163,0.5153542645287604,0.11741753834941805,1
0.41317355747360435,0.6378894151419214,0.41379006501315846,0.4439036322851099,0.3980238421828964,0.6692907743541057,0.5592066064972492,0.8299646028510907,0.4722019182449778,1
0.539103699138263,0.2659767726476597,0.32851185305221026,0.7606743413346566,0.8724166553890498,0.4492529473884555,0.6694226410192198,0.321680105847909,0.24034540188842102,1
0.4898626602656934,0.680194987349776,0.14783291892533706,0.8773561021557023,0.9586606594776195,0.41019077957440525,0.5830598205377785,0.41949778012925715,0.5278873819290585,1
0.657632640969899,0.7162878907765845,0.7348694409025331,0.48559408534160364,0.24558576138139102,0.36217548191338117,0.6511092806482369,0.5406832768318912,0.5728197805826766,1
0.5746200750391214,0.5861157966742091,0.20894362433150918,0.6740023899350527,0.6819581742808845,0.2751364868889634,0.3537481128796461,0.7373973444504142,0.874216883877127,1
0.4692378077407895,0.4067327263133146,0.5716130276767587,0.47545943968968335,0.5900342352438857,0.48407076665158444,0.35680173488496386,0.5601338175195214,0.5659612118990501,1
0.4568918280295732,0.5230152050582658,0.8281306675006702,0.19554990089465324,0.24640246384079156,0.3882149610489735,0.3934716545922269,0.4000339328945631,0.25397578576600305,1
0.3712291979499297,0.9180893365013878,0.3796214391514153,0.7839263688558651,0.724393853231993,0.6939754812813783,0.8534767382989823,0.620012034948141,0.524366878799877,1
0.4599098522613513,0.6348063998578735,0.38030013686734204,0.7254318598945633,0.7867494153188481,0.32685184586661103,0.49895116633006614,0.39331603897729017,0.12636698242156216,1
0.5598079616486151,0.5360170314418917,0.5916892972821758,0.4983451106322181,0.40062393538984636,0.23225034143835796,0.7045434344717213,0.5121662424355208,0.5893719213863381,1
0.5295397027813382,0.4992456706346994,0.9894401442718869,0.2636665235184901,0.1482664788964653,0.2719573188634206,0.1487894568358413,0.535902965847135,0.6322159545560461,1
0.49986171653963096,0.19104642285099585,0.47157799912943293,0.526377839489837,0.758523962633241,0.48674093912401845,0.4787227078685419,0.32191625222402176,0.6823517088307939,1
0.5747755157462008,0.4181486279762611,0.6545918409958766,0.3190796219278466,0.14398484872300996,0.49979436939665756,0.479336775138178,0.7970896904534155,0.6392211125111478,1
0.538153710196001,0.7125530960828597,0.5495240450702996,0.5369023491534677,0.4530035610958322,0.3275396491734699,0.2249087567836643,0.3158742470422527,0.5009014900023713,1
0.4678473078146712,0.5650928655543909,0.33628451047978597,0.3796452862775524,0.4413088664776195,0.7132607230986502,0.40467040184051767,0.7333117860476717,0.567678525609455,1
0.45047439158697844,0.3235417340081214,0.8162287744701603,0.3644848566835889,0.331505685952735,0.6041848875181898,0.49582779865505583,0.563318199540331,0.5762340479115543,1
0.3956586591210408,0.5439253408478467,0.34460204156010393,0.5781251892704834,0.6328218158880962,0.5573127908835075,0.5126372918236856,0.5532553184073264,0.5408421453448969,1
0.4488455949974097,0.47311097037253264,0.810909230583154,0.2267685349516969,0.23032329162764043,0.263575981583465,0.5233132758891436,0.6723434807779392,0.3514893835026505,1
0.6320371038435109,0.3416185504834474,0.6320059369137612,0.4061730726171529,0.42980161371210923,0.654856591382125,0.6026779115486999,0.7915935382753699,0.44995978247401885,1
0.6791035654151315,0.5731664912713531,0.629665448386155,0.5822568079498315,0.32563293905539015,0.5387685785853985,0.4024952527052967,0.6461999541382332,0.726042787973242,1
0.6168296548875607,0.5503642421008964,0.2799807738828767,0.5737895843574818,0.4878686727463066,0.5501353805415304,0.5731533963595257,0.37164808680732353,0.6320432651664645,1
0.5009090613594646,0.8156199192644651,0.3407855619042844,0.5552681683347849,0.36545526145869595,0.6976838621445087,0.6779475001766158,0.7972318348530217,0.4889718803768862,1
0.47286390647265863,0.7564047161759292,0.5379780662299659,0.6988727971012363,0.5776694854595331,0.6107636355662289,0.6241869695714218,0.8130208879355626,0.5704230987933003,1
0.42691668204420463,0.6182084183870606,0.799767969895102,0.42014127195932716,0.37481277296965376,0.36253700077375306,0.14758271714302634,0.6320731338101614,0.3949053180506678,1
0.3969791077444635,0.3300612917952243,0.5014400400585362,0.22673392217717694,0.3259884384668953,0.5739308099338601,0.8620531136451436,0.817194292758998,0.5069279562914171,1
0.39226229047642985,0.7187567164282943,0.6644816346462861,0.1517851199472377,0.09001146650271198,0.6372212246313652,0.42376560924839374,0.35585591693710145,0.3425384870345043,1
0.5869142343667872,0.023955544396860876,0.37576021124406295,0.4593390024763952,0.5991912874512214,0.3694793551564847,0.42236218631518885,0.5345528667990793,0.3616332868798807,1
0.32197702254229976,0.64291342386755,0.49930166394115616,0.6454589547413492,0.7519682075628946,0.4427337560001256,0.628478432739591,0.08677853783483415,0.49058062968909477,1
0.6121465625686833,0.5052743004277994,0.20497248157137343,0.8132313331698552,0.8203859487450748,0.15340781315571264,0.3266253311168054,0.34575672923862927,0.7163957404292721,1
0.36897510808883643,0.4226972642040613,0.3523376922051715,0.6304645826402738,0.9223292691566572,0.2504005450616745,0.835252114636632,0.704413002095802,0.711131026573801,1
0.6236564111747839,0.3988739473467733,0.5502203657552014,0.31708708492959664,0.27872771951505204,0.517466273725388,0.1766394390781154,0.7146888031155918,0.30405399928847343,1
0.5694015542426699,0.6054682983646231,0.24645011876213863,0.6359615948163998,0.7095928046156259,0.31069233647808925,0.5731718505307566,0.5106846180442373,0.7865757069255361,1
0.33365677295395924,0.39567905670065817,0.2788663284221574,0.5979112389656723,0.9338166985004523,0.4732277431813203,0.38825858081491715,0.7044025098284243,0.20640643010953982,1
0.3664937270343914,0.436397639724359,0.6402233215550216,0.34674139652883146,0.5212246022433139,0.5068892760718384,0.6857193890596999,0.5264757588033215,0.6332633703659049,1
0.8476477947340327,0.4628278066916148,0.19750559813133,0.8311979255121138,0.6142556063226848,0.53539170731973,0.4398859149627957,0.4589147572298504,0.5222955169803309,1
0.5914627629761133,0.6791272358399749,0.43255788863086364,0.5030976707650381,0.2901425429810167,0.5152918280687477,0.5440481622280322,0.5992731847194467,0.43416227743967234,1
0.4598916626804587,0.47716779432241185,0.3538354857630564,0.40326897105424203,0.40792142489882277,0.2542775609331606,0.6970598126899946,0.7218669412514847,0.742586342412339,1
0.6567312039696941,0.23946545698801605,0.5350887671545025,0.5639257824579188,0.5225043024478742,0.48045119170813744,0.43751764278889244,0.5030179097541272,0.3934400487215444,1
0.43716795500592776,0.6182373071774935,0.6464675432150294,0.4850114732281368,0.39774726853097775,0.49779297857070837,0.7018259779079397,0.3667078268079389,0.5233260865632933,1
0.4975607436472957,0.8300660177977138,0.5823267160318166,0.5809428787552408,0.5069345445039701,0.44827348616377233,0.30433074370020413,0.6059502032430998,0.6545408492554645,1
0.5919876349674578,0.38942079834058985,0.27422601984148,0.8612460122696735,0.921886636979219,0.5991410935110236,0.16365621832363506,0.49814452994122443,0.2708938795770101,1
0.3383102405227247,0.4322064098868142,0.5949012742073435,0.3323570177067354,0.49741436362833624,0.24671816913636402,0.3873220690724428,0.10543812702170925,0.5419151207893204,1
0.570237824938111,0.3495738578914813,0.19206722957118116,0.807671741899113,0.993496991607502,0.2311169298977424,0.3102055940048101,0.8075672007493052,0.48625456099325837,1
0.7200297658116164,0.5419558529272597,0.5471847714342276,0.43172846674901466,0.2840507847632229,0.2998437918856338,0.6314016336178134,0.5290606729544546,0.30315094848156593,1
0.4859423834706499,0.524921782671344,0.6165077886081337,0.423585823126213,0.4427365078883565,0.5588995207508591,0.3256547637250648,0.8012219625964198,0.8718642979823301,1
0.691569985280905,0.2524488938929565,0.739243764570407,0.4534004279561315,0.36660461583694953,0.3903132388546637,0.43997434417928616,0.22604327243752334,0.5115049438142528,1
0.4371124049528165,0.6383347085010111,0.5185341144479653,0.5055140603142282,0.6049276757719563,0.8505910469223829,0.29511464119145325,0.1996423820455375,0.5554472585404234,1
0.6547360029970958,0.991169477469653,0.9073928282934035,0.49953276882186964,0.057054188462625485,0.47914262689451037,0.24249859057600706,0.6537310795005628,0.4147533598846224,1
0.531883972825376,0.242597458270168,0.3594506629051629,0.565866266572763,0.7286189196341786,0.8653055784305123,0.3837232413938886,0.42192564174110253,0.3039965492663741,1
0.5118722921282527,0.2733135399640345,0.7265089204666448,0.24134870360213556,0.3013978217199736,0.5293605731879357,0.25369787034369334,0.445430959738726,0.8255694786741541,1
0.3601210833129881,0.8317048041844538,0.3261138455023312,0.40599074402771734,0.5104998461739723,0.7006311166433672,0.5879512137740323,0.5027059584796353,0.5769393109715515,1
0.5324915838792648,0.110588389563913,0.49318482916515743,0.5028696754819004,0.6167791916187749,0.6176809563821446,0.3274950979781764,0.36623889337528887,0.5530501477883166,1
0.4246556889641474,0.4132817835200263,0.25425539475710796,0.7310944947041945,0.8586808965666833,0.4067151656328924,0.6001606466511792,0.6999992181216388,0.24184231038046217,1
0.4861831921911868,0.48790815589289616,0.7948716290537085,0.4036250255708289,0.33743744626503697,0.4284806802411807,0.3651854560070379,0.5415238177720822,0.533875240157017,1
0.4285073148950457,0.2974108264810217,0.5396975840804864,0.5618768210123665,0.6903260516124513,0.369157644853461,0.4092079831262185,0.8582806918077424,0.5371397056721222,1
0.6578475961606134,0.3139753145280755,0.3901732271609384,0.48868838753797467,0.4509239605167261,0.16808599068242194,0.39393735147308717,0.4406745135268029,0.3852798443038888,1
0.4357426283439129,0.42187790550369636,0.23717395578131062,0.46109920334940635,0.7170616168039153,0.5074073854670885,0.45757557249363473,0.9056184419620468,0.6443292255151801,1
0.5602726672325968,0.5533171327853461,0.5580064185230804,0.4680980533434343,0.4727883802925588,0.24721084268201374,0.6250340503795441,0.5782476705751314,0.4053664839822062,1
0.49104468168711995,0.611494486772871,0.33128824894828307,0.48270856039814813,0.4769665745236457,0.5919821579707595,0.6712012881232127,0.9454191322089548,0.7170113070905011,1
0.4333098986740703,0.5062709413467551,0.4466640001438025,0.46571018882841336,0.5932400794009631,0.6011951871232235,0.3129832528771542,0.4805076873886186,0.4583603605825609,1
0.6343933224905725,0.4635032250112343,0.36844220857697996,0.614398319115463,0.5815420662719303,0.4803099558950736,0.38266677320296383,0.29646495074559326,0.27279849496164876,1
0.4695661337499483,0.9737552383115475,0.31642636110703415,0.8528576443966028,0.6693198373260176,0.907060585834798,0.21863765957839054,0.7948724409727588,0.37179600346782044,1
0.4933364177814141,0.3648484201066749,0.7980843316663729,0.2925959143170361,0.2906559129018849,0.4422957814350895,0.2693356193392781,0.5011676886366482,0.8035503294345546,1
0.5509685866166315,0.5414948224071836,0.8983962159867099,0.30626504991118386,0.12983458577903206,0.44388510744814663,0.19826005219442472,0.34361388143687294,0.6207114943426031,1
0.4327225317540972,0.6877151399760074,0.3758325108731174,0.47528409343489597,0.4261520972287609,0.6264390392431805,0.7343897343526389,0.6662604458764646,0.24183747655914054,1
0.44726497056597014,0.3576282015152508,0.7426941667897962,0.4858743951937498,0.46422922608611805,0.6171873613523753,0.5872195269620973,0.42967665672138466,0.6479812778719356,1
0.4668498016778891,0.38327584773529316,0.37579024980065034,0.4896073657584018,0.674434740303641,0.21685821229088306,0.7443518908080939,0.4594066626028141,0.4687593597635316,1
0.4116669727457589,0.14034486494159512,0.4001084823334544,0.6552725320144699,0.9036643320311453,0.3234395815754028,0.44025821156796346,0.40476604948738415,0.5096974911727392,1
0.5660609841419375,0.8907499760739604,0.6017952663325997,0.48333250154289414,0.1789170739597726,0.3339326080705263,0.5156653681758291,0.4157923748787151,0.8441300038575495,1
0.3724317040910692,0.691604744245302,0.2857532706427207,0.6698915058554387,0.7824468420477179,0.23234064640880964,0.09086589489407226,0.2045408974569192,0.4088252431555195,1
0.4587178759316778,0.7289102182856991,0.621693620736474,0.594568107929857,0.516819474228435,0.5357717262649807,0.5084755602614929,0.4741405291486864,0.593491164100068,1
0.4654422296196586,0.6353831033043188,0.5012208479689285,0.5079162121035573,0.3609576592075305,0.401143935758975,0.7519738444296481,0.3529705884565586,0.4196902020253892,1
0.48417132403527535,0.703800738484399,0.23721385130430162,0.5833282628301862,0.6378621114488909,0.6909664397004911,0.40584043396212777,0.19696393837569534,0.5388598821246797,0
0.6056118002619051,0.6727695842530935,0.5175373742563992,0.3467507689699101,0.34039752978620125,0.41327172351564667,0.4454672298210629,0.22669883366899893,0.14613318822412127,0
0.3907884501121538,0.8296136840661582,0.33995338094649874,0.6113680073553903,0.20911709630565353,0.6342751637632991,0.23611164150676414,0.5396884608273511,0.43497143974686797,0
0.4650319356854205,0.5797256370863009,0.3045382522172763,0.5535789646239133,0.5048452671686945,0.65965711796134,0.7802099118567417,0.6737370623003945,0.4955701840395539,0
0.4939620667401778,0.29334815596791725,0.3903444398742654,0.41723358111071923,0.6880937000457098,0.6455359359185274,0.34723022226345535,0.2929500779764506,0.49793189032391644,0
0.3547054054238367,0.5578948764250344,0.6780386456027201,0.7924975194437728,0.3974960959057367,0.6890762642588412,0.04480323435392448,0.3676644267448497,0.47169603205843513,0
0.5301700657525135,0.4513089972074669,0.47528861772072256,0.4295427685791409,0.610591063936516,0.41840332413002546,0.5010395592599343,0.6735455373639603,0.5963266839512859,0
0.31293120382920714,0.6684337454746353,0.32104068156895865,0.8232396976318989,0.024194781409341733,0.11387571034436006,0.3801681883543329,0.42007374814838794,0.5751033197778452,0
0.29894019060536214,0.5016457367333627,0.2833705882270027,0.7695681056613076,0.5663709224295975,0.34054090731868697,0.40911801805732534,0.509855472513819,0.4381768203192657,0
0.37921166729949196,0.6264106697343926,0.2760560120427323,0.7736686909632782,0.4248906353608588,0.4608544478959073,0.295831010582607,0.08433081431787301,0.25430973930248696,0
0.6519465417077326,0.17730367216338222,0.3983700874607439,0.4299973941590654,0.623905447664934,0.4851759220982922,0.5837146115409853,0.9043312276908118,0.4434244819523939,0
0.5829785072233961,0.03510745008871933,0.75618321908568,0.25744429360607196,0.7745903972037881,0.5795909382546368,0.7440738775543582,0.6949689350794624,0.4894695052472307,0
0.46959952139885913,0.5782447668826292,0.4472727581944792,0.33177771329890177,0.28250513046411435,0.1988931549989371,0.3845607386868276,0.3939802432653684,0.2876774391800552,0
0.410969679270835,0.6095435785560553,0.3225406324307852,0.4304975611718083,0.4153437147955607,0.37518112421051764,0.37847097673386226,0.7039537926374527,0.45503201746189376,0
0.5575451360694994,0.6677432277894828,0.4423869584178823,0.32749035072866867,0.423571944996243,0.8620314887563707,0.4539409529972726,0.7719637444293068,0.4761449863697654,0
0.5455381518089232,0.7605396302594616,0.3731349096078078,0.49594731239817375,0.36817789394393535,0.6143797108284202,0.43687567084353723,0.8120662287953783,0.7498764690139971,0
0.35676922458184746,0.9906106549177973,0.14993412718992125,0.8713412292159143,0.08684598076593952,0.2652746524225058,0.3712910949038381,0.18406142695797428,0.169376129410341,0
0.3837023373443444,0.21461823747497666,0.33319651419048135,0.4338337528551951,0.7340905659017282,0.41364029412317843,0.6268897576366527,0.5334669756614978,0.5555174750094212,0
0.4430862049745206,0.3113201821455934,0.6742239907028038,0.8003593829427283,0.5318851985463531,0.5066529339828567,1.0,0.5761687723637009,0.5706372976852451,0
0.41178557979539293,0.24851872289324264,0.46826072805080404,0.5178642565367712,0.42907290912146856,0.3313342271269755,0.4800232377865872,0.47750014630442267,0.6435266321978541,0
0.44921536855309807,0.7630853712842274,0.2821508945717962,0.5270077929761954,0.4889005311150083,0.5546790335860029,0.7972381569828475,0.5808906489801486,0.5908716553575172,0
0.28576277327045585,0.7628730422132649,0.3596094188019758,0.5473194220246094,0.1248085621990803,0.4256077694875145,0.39233108440846853,0.038830046655972124,0.3106539543724824,0
0.4862686488913418,0.8518955070345825,0.24283717824726586,0.861720036355741,0.2699512908323325,0.370376574078655,0.6550375882126004,0.2336576784145967,0.33364096826943823,0
0.6221389384551573,0.3542741524654403,0.5983946933296461,0.36359592052403156,0.5208059145806873,0.3240686144608377,0.4652630165539358,0.6083291361387722,0.31425050524364556,0
0.6294628329043638,0.6637135371002484,0.4018344529116165,0.7050079642535646,0.4080134157129197,0.5574198164651767,0.36981250687952955,0.6437683896767662,0.34819234676425104,0
0.5908184105515684,0.32451202229221215,0.8579757382744833,0.3601704660500676,0.32562730110445887,0.7191102950246349,0.5958080124523587,0.6009732860086496,0.781656503318764,0
0.4022104197705344,0.23355106828818437,0.5127150900863054,0.4619350473442891,0.2937819236069327,0.4870077530064906,0.4722482003079252,0.494946106664326,0.36026139296834064,0
0.5442239803610269,0.23964710771551684,0.42774309734359456,0.2851035572403443,0.8187817181075395,0.4207074009064511,0.7130300195672739,0.4691659218830858,0.4628487559134462,0
0.4089110501355391,0.30407500648653646,0.45477223346567247,0.5597195474089232,0.5993776800812975,0.489493394611857,0.5237428189513864,0.26159180412129784,0.2032781159039177,0
0.5339326803487767,0.5534589349361786,0.5818598407494366,0.24751707028264958,0.616223099273094,0.4463231154771251,0.1381558674536547,0.4691647177375956,0.6715534529235727,0
0.4135699053880592,0.29645665744649485,0.38838363560194666,0.6532302396373939,0.555430898591734,0.5086065351258509,0.5539577721410439,0.27309375857240514,0.3663927182368049,0
0.5868277902727841,0.6506932341219445,0.656673411584536,0.4016410636706808,0.4478014592276021,0.5396501347075464,0.42406490249915707,0.6353044909512472,0.45448197798044965,0
0.37464652876703913,0.6989741184154211,0.22320217858975916,0.35454387077362454,0.37112849629762473,0.531978854012389,0.661151139441432,0.4884659586219213,0.7163257351357636,0
0.13830041723167527,0.017529622296510887,0.7680614231063626,0.6046169710848294,0.8747242186360816,0.521502661000533,0.5012783876159891,0.4797806342700597,0.5713668174706481,0
0.5935079701270118,0.40690878563649335,0.3007965380321846,0.4599501833813122,0.5199085989459308,0.2807551599185009,0.5484105796659922,0.8049004758200832,0.6774635913841772,0
0.31450527931217187,0.6522489019309762,0.1896932149953643,0.6502834316874632,0.33952190521339004,0.468131429689099,0.0545407198235141,0.6683178455788434,0.30704928686348,0
0.7092442091836431,0.38490289318512017,0.41015657510849257,0.5135307265386347,0.6088650151931918,0.28360920553958074,0.5512050427696021,0.7053011034198091,0.2871173797467434,0
0.6124705021098644,0.44258940282000986,0.7193514843937494,0.22966490393802821,0.437141835337909,0.44027990220943813,0.8103674886174062,0.27182354280229765,0.6116066963828827,0
0.36145230406504264,0.12091571766258334,0.6267568574504727,0.5249328631807679,0.7700915653282863,0.49309260189229287,0.5564598171519616,0.5311384795809452,0.6879739362761318,0
0.6306402320388115,0.5319092648351124,0.26032569929159716,0.5084063474104836,0.3403774161784746,0.4855196559895503,0.09347368848164947,0.7873440889792872,0.3202332938957209,0
0.15013566238177958,0.4642327352997645,0.2808366811653103,0.6388579480662152,0.26611218422475275,0.6613955438965133,0.4508013673969688,0.6190113414819657,0.487038782729439,0
0.7308437816918063,0.36696250821331583,0.5154893813100202,0.4490226009542906,0.6612080741611055,0.7772032166531115,0.12532635619206564,0.795357342313106,0.4729117437615749,0
0.5579542302050646,0.8128460244986226,0.6042881603129147,0.8362417051462042,0.5362964932741747,0.3062869423729141,0.6040778238017065,0.6326382644841175,0.381274048660357,0
0.5856834387999289,0.23673814991870124,0.8178686832663105,0.5704426047549791,0.8439105755894115,0.7435275600089213,0.6039246749344315,0.6323917124462884,0.5152747458384527,0
0.7450905537322341,0.444829052544165,0.4921776838318484,0.13554606353029977,0.7053293379710707,0.5253636504243233,0.17412728604953512,0.8116402006349815,0.8552864524412697,0
0.31877242933707317,0.657515683548466,0.24368592841284054,0.7119551778648843,0.4099347539898921,0.2766160940629916,0.7787085976671457,0.71228288268288,0.3723833624138187,0
0.5695716147673539,0.5546205066414311,0.6880624850551919,0.5863695957605394,0.5988342974494388,0.42951845134503697,0.37146515434221955,0.46997814769402535,0.3330569716053265,0
0.3825149532515483,0.779864813414441,0.3483949683342501,0.8737333261553699,0.5278321400439172,0.4561802117300253,0.8911383370118893,0.4617941334065325,0.4395547542195938,0
0.5732732975498865,0.4468477384881226,0.734209074977116,0.4508855768647318,0.6518579671315371,0.27722875296734784,0.47235944279832137,0.583673221979422,0.3858832655913232,0
0.5480676711439721,0.8877736394697109,0.4108621677873558,0.2929633646003513,0.5299301539734076,0.3394134284081413,0.5341839220786813,0.5786210020923246,0.45653295772719427,0
0.28320396651492336,0.764259620087605,0.22544757370204174,0.5871241032704735,0.2508566557692158,0.65362490162364,0.4013349860089661,0.7471480115876771,0.11643081551975826,0
0.5088540174691857,0.49978445960832324,0.6747861300399929,0.35466113973364627,0.37788978698657677,0.5596030803625461,0.5953351130326933,0.09125756367271827,0.7097036156327713,0
0.1005424957609663,0.4676935861071703,0.38363802382116025,0.5706563150808315,0.369603524639798,0.45344373743984256,0.22946039173427954,0.2549806024868173,0.7570914621647589,0
0.36749343463692685,0.6452759647931017,0.42915043505161476,0.3603206347973704,0.1668152106667747,0.6561226409464892,0.6133043439127761,0.26465397940153873,0.753799558620178,0
0.7414396746358324,0.5717770257411291,0.3968774936744609,0.20396221223353278,0.5046158307391191,0.3981647988767504,0.5014421063734137,0.28812039280936663,0.488231675035476,0
0.5449235320391526,0.48796565825379296,0.6416851524754434,0.23945356297539425,0.578693491951704,0.6507112716025937,0.4929184739730998,0.6266565184042668,0.7728966895031233,0
0.7517195523049558,0.4211185930630063,0.5559573703135161,0.39004012974145286,0.5077164106950781,0.6297454138851897,0.15619549781528946,0.47205295751526827,0.5680973558714362,0
0.6940964996043094,0.6246245695893081,0.675536172961791,0.3943897906245096,0.48734620244953425,0.5201507015765937,0.3602052608701281,0.3777351794369206,0.12051564359071139,0
0.52406322478219,0.37256593577504876,0.7761191717779227,0.25060199960355073,0.2793814755617828,0.28958660429115607,0.27171643816412455,0.6286226621954912,0.385854021515368,0
0.44273990534846275,0.6419123898637685,0.48815453441919204,0.4815470350122865,0.5734778499823346,0.30956902290552446,0.5454335065089706,0.5312815978984774,0.4265547115154808,0
0.47606181434089484,0.30949048581375227,0.6303172854425507,0.4977053366637133,0.42876894278639427,0.7330936232883902,0.9004172139848187,0.6399830928051811,0.7645783245508312,0
0.5153709747507511,0.402918512283728,0.7431665402728045,0.6578531067723753,0.6902507779369076,0.6286942842202107,0.5618880325996759,0.34118428256851685,0.6892641734492837,0
0.5619724578540717,0.34638107457593437,0.40620744329576947,0.4713967344551429,0.585582426279504,0.3891072264367229,0.2915095248722609,0.5297559081774542,0.4346572363753818,0
0.6250948845994415,0.6142768398426862,0.4568910712133579,0.3807824586827248,0.39617387909038754,0.6917460869420795,0.6878945568150641,0.5466742567872251,0.6993483527907678,0
0.26115763527269087,0.737785953420101,0.2577328807850127,0.47816800797854103,0.4104896529347697,0.4556984442022873,0.46605952317931926,0.1456745607552185,0.43136694952167,0
0.6011579762074082,0.893291992268926,0.46447782338343585,0.40233206830256374,0.28627940333051916,0.4868143845956647,0.23245364532643803,0.5632751208629184,0.6348541428173682,0
0.5529013721993785,0.7909743529951648,0.4480940150201999,0.37196095818969277,0.3681121772449346,0.4702324646505757,0.2680657486812454,0.4789308044286416,0.47357097470541504,0
0.6195126676118539,0.3815968740839412,0.4140705641426718,0.31856387194407926,0.6663192756984082,0.3430216890915313,0.7406811351147935,0.442879779575498,0.23452968923344417,0
0.6329542595457013,0.46523677959989274,0.6536541364125275,0.3729109924909614,0.6107017592024717,0.170503108322271,0.40029624908290923,0.49047813066914586,0.2987358502974081,0
0.8184954671394633,0.04236371146522538,0.7525224001397592,0.20662894672195195,0.9497160876254553,0.7287297843274315,0.8158246476497597,0.305877323644734,0.8001360483288604,0
0.4910922698824476,0.6422614666461417,0.44877176666400953,0.489910423137597,0.3704101037798779,0.509518358959634,0.6723232416416042,0.3837760877008055,0.6447504338890164,0
0.4620723538164693,0.506318244120583,0.7556649932604056,0.533257166188892,0.594029970479294,0.2655578625692929,0.7802864100090869,0.7239767132493446,0.47797125629341414,0
0.2239895837346802,0.9821067855413035,0.3423230899364355,0.48119302038060346,0.1777592391695236,0.8160279018888245,0.6652356386270296,0.6560928371422808,0.2865692876386776,0
0.49018769220862685,0.5318856768990989,0.4824728034721435,0.3718482272457306,0.5898364256945035,0.4780576033619031,0.7996402409143982,0.29914025642155845,0.5047023981010389,0
0.3705744611609324,0.3351644200850491,0.23920770394819713,0.634986910583878,0.3663208618600117,0.6813465313510323,0.3798935684759923,0.4605737199763774,0.4263668511890092,0
0.6437486367077357,0.5861482476213216,0.566472305406633,0.659000955034072,0.7481131219633815,0.2666732667097931,0.33694771838157694,0.72313910791415,0.537703746544991,0
0.5872138624320858,0.5922773495417466,0.28289198888848693,0.7670916452461205,0.5673781127454668,0.8805221091196476,0.28384047171593507,0.7915403839359415,0.679035171189052,0
0.387313626407554,0.3376524544762779,0.5562091145344202,0.6369492971515944,0.4529633735233757,0.4534632819283039,0.3029617938908688,0.49286897450330713,0.6009002045144108,0
0.5133058282099011,0.9995762329186668,0.20661812603036087,0.6621806277824438,0.3174064902336804,0.403256002280948,0.7228660561724622,0.830309888134195,0.02698019540273577,0
0.46973209436505353,0.3039024326058135,0.3938890588293753,0.2263555063524602,0.37572230556845615,0.3747486137717947,0.5431609645660859,0.8559897358602728,0.5153080280805485,0
0.7396396000115402,0.3421758127080882,0.42389954498483506,0.42023654599273025,0.8387917902792792,0.43922150673499316,0.6834081235362025,0.6235643680425118,0.26613041636064433,0
0.5201401564344316,0.6794626227916081,0.1077538933475196,0.366901319323918,0.634665274460511,0.20706983966940676,0.0014117597788633487,0.6779130466860263,0.5067088629240004,0
0.3879047980757079,0.24085568285994718,0.5778467754562379,0.6302017043437578,0.3297751577883845,0.735541097801024,0.4990584093760141,0.5211565223199582,0.688065606285331,0
0.5594658926892702,0.37707979272486536,0.5518683412478109,0.6871454514422219,0.6710916303668724,0.41304272254111213,0.48737692669158955,0.29595633866913207,0.38028642909162147,0
0.5382461121305143,0.42002238835431516,0.4674621174371179,0.4632011449991061,0.46948089225194184,0.39446811595833875,0.15930251777206111,0.7820568604781062,0.7185240829306143,0
0.4876973387077955,0.24722132860567392,0.8001731991999801,0.5192883493752336,0.7453167101668139,0.4369492256199958,0.6966483814223523,0.5695450359341133,0.5643903668088982,0
0.4071691482434836,0.6532140933764808,0.49847185019176987,0.5024678007283706,0.261450535113626,0.3310791273255055,0.809677808221367,0.44726954734055047,0.6522132241557946,0
0.44621010325090105,0.6244594870782191,0.39797786157901205,0.5748176506246393,0.5609115662849962,0.5865442415951521,0.3360961589331595,0.20527407690937804,0.4076210916710452,0
0.4491142418521372,0.727719675045703,0.21404595474035834,0.6521658418765053,0.3496402694972109,0.5693876284016819,0.4397182478582799,0.48821462362409296,0.3730927172904318,0
0.331088553864225,0.5021223499060815,0.2779199233217334,0.6983730055311119,0.27604441493932164,0.31816038804094204,0.663679964960757,0.4070061244790834,0.5243404551695039,0
0.5919966508941655,0.4099246200654035,0.4374450718125419,0.7176415835484155,0.734199321197014,0.6374272037303064,0.18930553155735869,0.4007272556589941,0.39626333764119076,0
0.43374759702018667,0.4276350989005523,0.5851741751765858,0.45045065620182656,0.2856650635924482,0.4623493389243399,0.41826507591741857,0.7037575867438727,0.44105918120663434,0
0.5322637791523543,0.488046556528638,0.40488578844225276,0.3719949995445082,0.5541563188698535,0.4458569185952132,0.5613108698789853,0.6253985000607414,0.7263442962852242,0
0.4505093103806248,0.5535856432556441,0.4554428000445303,0.3449474249255159,0.40264145326916373,0.5634585468135903,0.593033025964368,0.3334310979825191,0.43631652958791806,0
0.38185841045100327,0.3092394991827603,0.47367874045539493,0.5692430197627273,0.3925475799128054,0.3082843211238179,0.457715988805926,0.8429882509104424,0.9954376175786384,0
0.6036856156050497,0.40949920308788346,0.42430444107418563,0.45815573321225284,0.5320302586674245,0.5141528507853829,0.29804032742604847,0.6125655022225325,0.4595898975129844,0
0.49404783178935197,0.5234132580631982,0.6889434396309286,0.3813993902626579,0.7790170093151684,0.4898228293353989,0.20058712587793034,0.28754396741768695,0.8465630188504849,0
0.696727235039933,0.633166280676736,0.873187910341626,0.4813860583380346,0.6928895184922836,0.3081415079306589,0.7658629919471528,0.35344815977651795,0.2536748332279743,0
0.4255430895754637,1.0,0.18692542812459303,0.5718217571686289,0.2048429649989376,0.4053087064434465,0.5962134558803901,0.3598956985973807,0.43760834377829616,0
0.6719750978856078,0.6352953885132824,0.6406569522867915,0.29796580987868587,0.38790020131639624,0.5986320012058675,0.2896079344893274,0.30543173785978756,0.4377324554512062,0
0.2908319352533626,0.8933672517565249,0.22212763870053678,0.8180560673269006,0.09197027525039873,0.433097681428019,0.564270762174211,0.4939342932481816,0.5047500498951689,0
0.5067569249347867,0.1216553220626288,0.5405017812700954,0.31934218735907843,0.9807121078217714,0.31292968364495904,0.20324158285694957,0.7587376057971292,0.8740030052901012,0
0.5173819257128515,0.7631412930428356,0.3013623553396958,0.7707364840762462,0.2635260202888849,0.6146290965361753,0.6389836731324932,0.5947876931858419,0.4838053493266997,0
0.4778314315747761,0.20298286592941167,0.3582593933123137,0.32302461347016403,0.702369268792939,0.3298271957967392,0.35022879917592153,0.6078984544334091,0.728159879847721,0
0.5364425980149445,0.8043312896588362,0.4952848969427418,0.5735852966099003,0.6702658076974296,0.6112324929229577,0.39289959126035295,0.4351683932724588,0.43570507955932025,0
0.7947994071012905,0.09718257917435638,0.9397774052581211,0.43601572899680646,0.9019482976695024,0.1467716862436049,0.27401602767284644,0.6071625938599983,0.622397491872316,0
0.3918363965230019,0.8340063655997907,0.2788362740894185,0.38860310309578516,0.16192913915692939,0.16221350578033547,0.49885863732716323,0.39773997828497615,0.39741895413990047,0
0.6209900595915288,0.21367196557673293,0.5628889619092436,0.4964819634886793,0.5898960748885905,0.7231217425667351,0.5800936258007335,0.33478334855660735,0.36056458948880254,0
0.7884723467060923,0.2699334176231589,0.43505964300946326,0.10215440987954232,0.8993193797778734,0.5015860306654568,0.5349733075055761,0.8466343004062469,0.309400705072778,0
0.5937488228529333,0.47898699667695716,0.4217851889598976,0.6231081480994286,0.7132854581752228,0.8779122404164391,0.19341627463014766,0.2578089539681116,0.44826310668521063,0
0.6481603041292479,0.5302916210545725,0.4857964261952026,0.2605660644989195,0.4358334242645351,0.5836619478277811,0.57078420201708,0.4451363641542854,0.5318555253167614,0
0.5211607534693772,0.21218284132787057,0.5292044663034163,0.7631833146389361,0.8372736482860168,0.58437939119005,0.6416877705103949,0.6316086319451211,0.569451280513042,0
0.5987762837654627,0.8854805375445336,0.3852221008555334,0.6438762302025856,0.10481191375298846,0.527993868970825,0.2282431929271399,0.35790845316275693,0.3601580514842604,0
0.0941378063401652,0.37935758068271963,0.4876119091807032,0.529842323301312,0.3348177379603503,0.5448531619471332,0.39159011908749114,0.46287007543790976,0.7254793535849138,0
0.10695376451945655,0.2724010773544567,0.31834841931186275,0.6615410562588033,0.3927483006679404,0.4717233433522373,0.8610314238491197,0.6405179413109514,0.44618951326137846,0
0.48656045857495406,0.4306767742231464,0.32396261654696346,0.8482425185849706,0.5358292158058436,0.7965263787860313,0.9566535414272844,0.4773581755369547,0.2385974839998405,0
0.4382601567661112,0.3685551399806364,0.8582416021013412,0.5355707683162544,0.23317813688250552,0.1984880171040059,0.784915396929994,0.6769093196121,0.9635389470201522,0
0.44252312238477665,0.6314897722690421,0.5449798020575926,0.33597132023043824,0.38956469283520606,0.6095099754851365,0.3341667985028047,0.2910879827018637,0.38915207388592143,0
0.6080087669202198,0.6353807601940951,0.5126112132052698,0.5377157784784956,0.5783936407205414,0.47180525301769316,0.5232926889417101,0.5739121845906981,0.4068581452625882,0
0.3852571699626917,0.2152067658234155,0.45657801044336477,0.6712767176176909,0.7429198243143483,0.3592644493972619,0.46278810289003836,0.855781909029418,0.6724953892499305,0
0.48970318996406953,0.3234348528906808,0.3884172245419439,0.4083684919358815,0.7580291830363526,0.37790271195270625,0.5465520382502593,0.5903646720087022,0.17278095898893522,0
0.39381985854835927,0.6144698329221175,0.6565440570376666,0.6139752529632372,0.6735716040303198,0.26201434125777007,0.26722418880911813,0.48809473238230927,0.38358366844955394,0
0.35745289154271176,0.5264299613914504,0.3851999272911402,0.45222791169484533,0.238508022223165,0.396702147090483,0.32407315400256537,0.09609300927151357,0.44505202069057836,0
0.7324429077207,0.6225229404627022,0.39276818932763163,0.5913884488197951,0.7097473744891691,0.22238246106826906,0.6036847083617939,0.47752202653045794,0.6058400433094274,0
0.4749010029804219,0.29428014477363335,0.30890284516768113,0.3636530062234847,0.2504064888302177,0.4177221162270746,0.5261509109926251,0.24189326925396443,0.3022518486967087,0
0.14765280886481463,0.4720919096851403,0.5476886909703127,0.6426605285991474,0.15274299655067763,0.608218715233346,0.2983468764040772,0.35067109165878624,0.7676074149397698,0
0.8418040287425953,0.44681899062658453,0.5883357809021587,0.11295624695839436,0.7993817775063422,0.273622739616405,0.6435938320905822,0.7950460698177213,0.2747738891519035,0
0.3543772302858698,0.34340786014989705,0.6824598369878707,0.6917386726755943,0.788090878565268,0.4987296358170607,0.6093806637381846,0.596673505880656,0.2586032202076752,0
0.818106300927794,0.9941860378121075,0.4863088297960609,0.2636868580970855,0.6493297133388638,0.8415244940302338,0.45840441623283074,0.4506021243159279,0.3126075741039818,1
0.6322977258535237,0.5950537559254099,0.8293350945451726,0.6434070687533707,0.10509814224529383,0.6903237391503152,0.7704751162012216,0.581448396147243,0.3393337713600608,1
0.5022537584403989,0.7078699537787222,0.2764255389736757,0.58904398246834,0.7732536371865445,0.7907357209489707,0.5779584406741431,0.14666206949611418,0.5708887285774137,1
0.40755942347525315,0.10039977365644008,0.6934456065057201,0.47998154315462743,0.10829620202298257,0.3979417483869892,0.6595068155840943,0.5571417640090481,0.41092039381002177,1
0.48098472583935553,0.6137213705721066,0.4553968444069542,0.7405203154913986,0.44123136489190684,0.23322333403859546,0.3930228510845997,0.6571990633496814,0.6715182833295108,1
0.5938571262378352,0.5883273886368761,0.418125910668679,0.3178317046910389,0.7060505141765628,0.3859970329688561,0.5189262375976584,0.22933982319134966,0.7731329893180479,1
0.6147155209435403,0.5296718717026379,0.8822254939756795,0.5495343726287119,0.2241120770634662,0.5122224730551962,0.6945989920957972,0.5460674492895315,0.5705310265855911,1
0.419872010153538,0.41832048241005293,0.45577975280524996,0.6665225139899087,0.6565099302937496,0.769581336343239,0.44784046655122817,0.5321301148487042,0.6314941908524063,1
0.5991525720805824,0.769121904636636,0.6209636121273518,0.41678282093308155,0.6084210445775354,0.626466760379097,0.7437081481993824,0.30962276159918756,0.5649942316179203,1
0.49238909493782784,0.4187397851142666,0.29505261529609345,0.4144669346956132,0.6834801172150469,0.5136627200175005,0.5119086543546608,0.4965657800543192,0.7172879107367164,1
0.4479004615219789,0.4942904409179795,0.30632390131518833,0.4025573925187884,0.7583032756156307,0.24224235098076258,0.3524564750277862,0.3364022485504568,0.8873286540717596,1
0.5442339049065267,0.751385681369235,0.42131300284212736,0.5342274528656675,0.6264910911944894,0.3447334470917762,0.7057944578691634,0.40535713248607247,0.3778685243217262,1
0.48942468926628474,0.5108097924009736,0.3740745955847665,0.3997579464976951,0.3361636660443233,0.596516684655784,0.5379541290456706,0.4391561443448676,0.5624436549053232,1
0.27539937468484904,0.1967106650577313,0.2438286083807027,0.4603577236259864,0.5098479945902175,0.6302382822411884,0.46615376801855846,0.4367842648290368,0.5028662033482343,1
0.5945410768854152,0.5597627930338774,0.7653537908012406,0.6007580683466535,0.33428895157600996,0.322810556439137,0.7808656995274652,0.6681305171741573,0.6454110959697674,1
0.5327042419914846,0.7011362207038596,0.6625092025306005,0.593249639337648,0.44549135588453564,0.4233872282374674,0.5448591327229534,0.7122051665968809,0.2486757849426171,1
0.475164335423328,0.40937629630117184,0.4815913109221292,0.40813720729948366,0.4631811813597183,0.4340430733447464,0.6203837498950189,0.5957172609761112,0.18670945507605063,1
0.46159035405484494,0.439436983217803,0.5877348150605919,0.6674572356300393,0.5204283553925493,0.6372705235387842,0.6871430022933988,0.6270992240838139,0.6461850996141267,1
0.4791168122637937,0.33576904361917387,0.45439170480306124,0.4924365284116696,0.6553791297606554,0.4420883568568589,0.4791613055693261,0.3269593196934363,0.622429312796788,1
0.34297812633552976,0.2517228723062891,0.17243447400899184,0.4426126786968061,0.16061872535780988,0.39048696819062606,0.6708501954586357,0.5369148449108107,0.4101825138362833,1
0.6846100334476207,0.7848863807161919,0.6540778302167478,0.3291561424436923,0.4051969909668395,0.28155836173391824,0.7213494603099014,0.7138543311225548,0.4642047218561123,1
0.5337583833649516,0.7355653318259451,0.7059582551946717,0.677099654471798,0.49147795959554275,0.6396450146118425,0.3788056458785895,0.09416167702166367,0.3939048627191064,1
0.5563436162320269,0.6184516958081526,0.6052017288230255,0.5821040327019881,0.7371653542172731,0.44816092917771355,0.5227910140680613,0.3899048579871944,0.7606552031406745,1
0.5042604867822977,0.38627433562054986,0.8834297479169843,0.6843384070845767,0.2490038807465066,0.7066766604656158,0.29812417831963284,0.6119993189570193,0.2558335592982767,1
0.5513395025284343,0.548857490044715,0.4125290311564592,0.5380297196727749,0.42585213460746213,0.3045244997250391,0.6056055735990281,0.8325320551773862,0.16294647219859051,1
0.4633498447487985,0.5788093618618703,0.34215041397350376,0.5402900987586604,0.5838215325301263,0.45958221254471343,0.47450096733068853,0.5456634823474499,0.7342563214434776,1
0.5019043806547111,0.38298459989759864,0.566163370652299,0.4543215299273405,0.4174442478044849,0.41408770626701635,0.3410991673521474,0.5815334708151482,0.2914071130711426,1
0.5204196320141597,0.59948498332222,0.57124549363458,0.6275919423670656,0.5925537308517617,0.5181947031457146,0.19287594696887472,0.6091005093852542,0.25802177193819803,1
0.44461296845400267,0.46846243733235154,0.5575822155287439,0.5203308850779447,0.7985903240253385,0.665116523151964,0.5181809624141259,0.6614074511902699,0.5807686525068498,1
0.4847813663197702,0.425138775914162,0.3754531441604227,0.4077205430261618,0.5852301044563246,0.5161261192915021,0.3555355061502862,0.6299146679414116,0.6699698376437799,1
0.4039510772642264,0.26916099141483163,0.37838460807206264,0.4489866841201844,0.36294447949433933,0.4941619539476315,0.5001006681823106,0.20559104949262855,0.6138766779571208,1
0.5012709248887729,0.586101033259647,0.3043319484370154,0.657415992228686,0.5427112565638289,0.6385316415916933,0.5254324246419658,0.5337669102019028,0.33548616005369,1
0.544117680078445,0.5090855306082661,0.629600292552788,0.7233751102112924,0.2884782471990914,0.4941798496723875,0.7134922729449852,0.0917794912468004,0.20008884257464002,1
0.5878266711232367,0.45080181714129713,0.3414119611806303,0.2361355588700805,0.4478219883877046,0.7128414241611006,0.5968842649430363,0.39377080446566376,0.7180978068887119,1
0.43259966145800643,0.34143369458326295,0.46314377705215526,0.5722467228132281,0.2524610952597815,0.35004427475582117,0.44933441959987563,0.7034057018021103,0.8368281601698232,1
0.6494294299532684,0.7798898069630597,0.5260496675680802,0.4339173295322554,0.42828261407189033,0.46247555478831387,0.4287184549512645,0.38939980626668536,0.40234912698281133,1
0.5069041979771368,0.4993034341258166,0.8266351419762916,0.7343895231586693,0.3111437178212251,0.7283658852325033,0.468902123289197,0.7287413189371035,0.18815860108346458,1
0.20060767538592708,0.268560424364411,0.10844486591564315,0.645371828703244,0.6159202645680054,0.3172950497332468,0.49133008665073724,0.12339383545029965,0.5312861517026952,1
0.6224809086783665,0.7406399889447473,0.33926032662599637,0.32317934845236074,0.7093834853786882,0.9137225472781216,0.48973557911782756,0.2953671532342547,0.6841364692128987,1
0.4923678590244546,0.3751984922738574,0.5090299945638143,0.4110829262700589,0.4119127284952474,0.6789935722849262,0.5516217304511283,0.14078446699651506,0.6998158900442294,1
0.42492111406362254,0.3092260475717302,0.5534423831484988,0.7983433571287509,0.27796594346297815,0.6162090706060743,0.29257104761915564,0.49217070245398165,0.39877774903257174,1
0.40341455710849683,0.20114560632977121,0.34807155060198175,0.6421692087977574,0.42257510456573666,0.8954594142626169,0.5476911120752471,0.6926036049323563,0.8032008787836121,1
0.5973096930494033,0.6267060019415773,0.7835226773837201,0.5822669644499606,0.3703906481914245,0.5445501028307994,0.28763248347950937,0.15376975707263768,0.7006067290863743,1
0.5164821468829447,0.5087262145282404,0.729957092723478,0.7326029965475997,0.25728129496449076,0.731802686127534,0.8065690450658565,0.6834726930682856,0.6547737692279316,1
0.4641477896938826,0.3076796282971086,0.4997392305243119,0.7228324437318984,0.42314657188078986,0.7226147728920855,0.4123187089829297,0.37320214746002045,0.34193110027798274,1
0.6419963921097753,0.7177737863879393,0.442883002263649,0.2476369739168888,0.574282126155565,0.40905768187572084,0.5363893240489299,0.46496109190337853,0.6663586933803195,1
0.35993199214499877,0.3662202668087761,0.3802298222336371,0.9145273026938238,0.37689943869581305,0.44635085927658014,0.5439458602494771,0.5944448971607998,0.5047010815669716,1
0.5758065611941996,0.8118719335676448,0.74500269893591,0.6377142704463945,0.5586213919652694,0.5414447748633391,0.2963303464599828,0.8767772269553833,0.2655320001543489,1
0.46020752794028985,0.5053718983365549,0.46744913040002245,0.4363493445423806,0.5164721672824034,0.9755792628153995,0.566657478403635,0.46899821457616575,0.6212794141580538,1
0.47930243733069583,0.4294897167010587,0.3080983814698505,0.48856088252664126,0.7010013399341152,0.5786317287899928,0.6592237478602456,0.5968358612935215,0.5873815319297755,1
0.5438063036153973,0.7369760551445964,0.3434639265257193,0.5907671499216739,0.646556907561605,0.42498689343292806,0.5444860563537692,0.48131892944155946,0.36138814615735965,1
0.4106212279192101,0.4282542624556977,0.41021346666174213,0.4290134627580194,0.6122674636116109,0.366349145552402,0.6166015819323301,0.6227785195371823,0.5009094457949992,1
0.35373544310433036,0.1365639378748779,0.24102782162162756,0.269540124021013,0.5274739232629904,0.5430582418067174,0.28523583173851075,0.7747772495904721,0.34176497830649627,1
0.614892081950653,0.5037264631796301,0.5093028750453661,0.645483967672158,0.31611958955834385,0.34702030086455615,0.4201345833601686,0.563170770859496,0.3594076038011139,1
0.43840292415592497,0.484222667334682,0.15997356380375488,0.33594964297624147,0.6019352566716915,0.35354000680247644,0.34759346032937505,0.39413777748968,0.6051686911375279,1
0.4713656812615595,0.6723696217230071,0.3806580438837863,0.49731418118806364,0.695595018574195,0.31734954675146965,0.5611772441497055,0.42746110059453174,0.70638776011331,1
0.5192456826478512,0.5603076711272126,0.5746264580318968,0.5835981666615666,0.4407546141800384,0.6290163269690776,0.5678069453846921,0.2981427020934977,0.681609592531972,1
0.52253736731042,0.18941954569177347,0.834352937400228,0.3157697065253355,0.23832606200636025,0.43102548643515587,0.440918581387133,0.4683226840804549,0.4774595639172273,1
0.5965851722461047,0.6187981662236648,0.870137081714491,0.5797958565905832,0.541577688002171,0.32780108518189593,0.03456583611288562,0.494259480390104,0.8437912096223376,1
0.5025339436208743,0.06768544769113799,0.6823347205998929,0.16039017515284498,0.25063080772360946,0.3252141213235936,0.5433816913899304,0.40401740429924665,0.2366673535867753,1
0.40200377555882644,0.4434058526890447,0.6148296227985491,0.7539728185363879,0.4486065660914235,0.1672833846748345,0.4388944023606476,0.4192663096006916,0.4227470149205095,1
0.4488622978174245,0.2730462577560019,0.5016044226036396,0.26870569995560734,0.5241237433905952,0.47742251055647894,0.580120509852901,0.3466289043226715,0.7856739374519738,1
0.4676055416806162,0.23159254507550123,0.34297234149860406,0.36721361311739437,0.5452767181367966,0.8790060820349633,0.6549100609464669,0.3801123829265681,0.2718872939368027,1
0.5962904497270378,0.8462612942370457,0.4819984048251166,0.381226560887028,0.7954602292891056,0.34199565294431994,0.4972559711777561,0.5148495383086512,0.5149130909507104,1
0.5345841143813141,0.40907357046988474,0.30193582375225403,0.34238891665638016,0.3413857132030727,0.49461435221055683,0.7082286228453146,0.5883605550497407,0.7559678025617848,1
0.5813070879997349,0.7155736110095677,0.7835365669414919,0.5661517315546417,0.6466744076920965,0.23066212930301658,0.7318105885196501,0.5691752814907148,0.6933783773858603,1
0.5822420357605264,0.6697281998118167,0.44976638853182377,0.5318214559860283,0.5843458177318841,0.6839985525015404,0.4905225676022154,0.5807839651110184,0.8570285299086896,1
0.5667079677622998,0.5904189745117863,0.7678178866721541,0.6306633432654704,0.6547589895055487,0.5453341800376298,0.7358778922372321,0.4275951252972367,0.43729196952894017,1
0.5931982337179035,0.7071519943270306,0.48891113435531885,0.5778039013692645,0.43670112628297125,0.43672039979614014,0.7160970005941983,0.2030564688758557,0.5805029065802352,1
0.5535210479701949,0.4873059065071392,0.7724714909860866,0.6719713944898462,0.31364518879030234,0.3292514971158923,0.7589299791241263,0.6603292306286344,0.24270484214365298,1
0.43970864193607867,0.2965689396121386,0.6843738863372278,0.7173739154308333,0.20641308834599192,0.7361964429054686,0.3073117027525369,0.7038768128184586,0.5565498083096458,1
0.5010497763442855,0.6502506504400555,0.4381892140383301,0.49057954657784514,0.6840772734387158,0.7419625539237841,0.5524904298537293,0.5185817304187467,0.6374564072603466,1
0.6100762652880509,0.6850829746372479,0.43233306496152685,0.38295501246732044,0.6092254659950406,0.6004405322121744,0.36582186458764093,0.36724026832300577,0.4054453149621099,1
0.5607859692806795,0.7528903983860709,0.48307566289853143,0.4310227677067591,0.8542084555953144,0.21639087350762357,0.8591230114656104,0.5234324844397011,0.562706434542912,1
0.43699532834087335,0.6153735993615916,0.2709018482793029,0.5210284243351226,0.770126598375455,0.5848802068543567,0.9353963664536904,0.008698004824391849,0.3689432795839821,1
0.33620951290134826,0.34301166225021745,0.175177857302999,0.5216022562722136,0.48328659506890637,0.5347737210781083,0.33024584278722857,0.8477358527383269,0.5056774888001455,1
0.7303412118405076,0.7508544956017388,0.9104929698732491,0.4335790867415756,0.35542695949774505,0.17017597719439484,0.5114474293888408,0.5770244314907861,0.5627582165118002,1
0.543152368634345,0.7217346808758548,0.6507523862677947,0.6006976700955734,0.6993824528373888,0.41615763630945346,0.47065466396979144,0.1850512852899489,0.4461949399438659,1
0.43346899033655134,0.671514452211992,0.3344406389606274,0.5675085885369505,0.7680797678893867,0.522116445345053,0.37088815940770065,0.3356132158363455,0.5587566282897584,1
0.5412739787413052,0.5180098063799087,0.4230028374885101,0.3270761214597609,0.516258697040953,0.46925286159846147,0.3933150948280819,0.387990193426848,0.5759185603960547,1
0.6398927132954719,0.629767568156351,0.8541013548695301,0.5152134051859256,0.39570350965481227,0.17619498800935077,0.42409206424465296,0.6441490969119398,0.6074700809934389,1
0.3656739317639704,0.2125265669186108,0.4474138499042858,0.5745619410754758,0.21869479901421432,0.6136652620261173,0.705565066936791,0.8849197674991635,0.44916583956976225,1
0.42352447805601995,0.37644327614213613,0.4511537465789082,0.40450296747704895,0.689552106455585,0.3845677961896909,0.3482963872380388,0.444843367116335,0.4200506922814098,1
0.46689180689060994,0.5309066897211323,0.5767171090772989,0.7825529427542339,0.47120265832847036,0.7046973783783234,0.6888648809753698,0.7791504136132756,0.7909595749040186,1
0.6161723702744092,0.67696179101828,0.6108777164699839,0.4672935320221192,0.5464981845701762,0.25346894691539784,0.48667990928404775,0.10164495093056962,0.7063758158300341,1
0.5402162350773259,0.7102473410358877,0.277059868840796,0.353470405590514,0.585102745711573,0.37532533498084414,0.7830421742732714,0.660485902114372,0.5092345755168265,1
0.5066354190779916,0.5104046653308147,0.36830892156492157,0.47435166639097465,0.5717859597835087,0.600234080779778,0.6623060104799614,0.42134221291506974,0.3302840548767868,1
0.5924699846816653,0.5419564664635975,0.47555568572494744,0.561905830835495,0.4980753817829983,0.49390149683470663,0.645389137970429,0.28949863374917895,0.413109729611511,1
0.5687819275396758,0.6675362948269911,0.325234912815336,0.44911743902013007,0.6846361862686365,0.6203392349881707,0.19119254572634664,0.4507742179436039,0.5664021293815964,1
0.6036198442990569,0.6043349938780205,0.41732131465608263,0.41667128735284953,0.41811017512068466,0.4516543302500679,0.6410208876106568,0.37754639318568545,0.3986976421517397,1
0.4639058488157333,0.23133689610951555,0.5597944834559347,0.6722947514457386,0.2177545035060558,0.2848944320621232,0.5908714350075234,0.5425833336139219,0.3830175413718183,1
0.6963288651702982,0.7538217086373068,0.3949197073889752,0.19873701624236526,0.5356847122994215,0.49119887473524415,0.5530439436810431,0.6717684805264544,0.27698666559384016,1
0.5322275712644882,0.30392563914050047,0.6784344185692909,0.5887733737751323,0.2514582500708909,0.6077078381133539,0.3844957588216137,0.7007913141002011,1.0,1
0.5601308113953603,0.6241673015763096,0.20627313615516693,0.22343724685270278,0.5377238893426525,0.6647011357104271,0.3236302271407319,0.3428118010100543,0.44552014126806355,1
0.2679326181185436,0.05904401161866246,0.171128910689286,0.4529525458825045,0.5088934780887928,0.6070121584108726,0.40699997169674906,0.6540004066171864,0.7754282344918552,1
0.4218378441950792,0.39569230138011685,0.5800307063353296,0.825952217273851,0.38151446354489144,0.6019834520469967,0.6890959854232837,0.3974256942445738,0.30095168779625464,1
0.5827859778832454,0.5558806946107173,0.2539620603455155,0.1368815757540867,0.6082567537240045,0.4570718908124903,0.30001801594714483,0.6989562841788503,0.6451701442697501,1
0.5130432127734875,0.466014777422245,0.5618272961632177,0.4334614011881531,0.4309828774988548,0.48276031014069537,0.4149197439619891,0.6428134850258107,0.6264301903099744,1
0.43269808935290155,0.26204160447468966,0.29509867731379485,0.47779090067555335,0.3196080225480861,0.35118303283682584,0.5713038573689913,0.4669990721096983,0.4454480694972703,1
0.5089156146193475,0.6566217932241076,0.3816498089217313,0.7590169936269034,0.4471600959669301,0.534296568932973,0.6243077476800063,0.6387408964106305,0.6917422463719435,1
0.4951714269766913,0.5058045814024396,0.2668486363577365,0.6075615973979497,0.5359912329604334,0.22615441103017805,0.4976133714380048,0.5533245552288572,0.47028758200511794,0
0.6638437171990047,0.6624973511657964,0.4511284608645815,0.5237818742245862,0.32471094290406305,0.3825525732778761,0.5793379563934087,0.8189060613591617,0.5446269489287547,0
0.0899573116583175,0.5948889610622767,0.32404421897940616,0.5536368833681372,0.467803257432497,0.37623180136120843,0.9171011915823347,0.14094821459580403,0.30178052405792793,0
0.5354120948083373,0.3790413759529942,0.5215335731267714,0.7495985919663838,0.4648162871398548,0.6139639565805036,0.4791343483367433,0.3690529640284011,0.21428296005427405,0
0.5006175191040311,0.5267995306590509,0.545652818228618,0.33358329236617473,0.8251643653735669,0.37700139507934866,0.41387319723167765,0.7688935298653136,0.6054356017481612,0
0.2766093843149239,0.7374240158868444,0.5975504439878161,0.05441572152996229,0.6730034405626146,0.8191187958735172,0.40986436464338516,0.24551566593961166,0.3917841919462486,0
0.7866803641053879,0.42195926478074985,0.5059218744354459,0.5338768343391379,0.6989553666568369,0.5208798504681053,0.5581063818287425,0.2468475759337805,0.504313901711471,0
0.46317236760157804,0.5004053552203437,0.5243411882118685,0.5582807414512219,0.41331465053383976,0.6620344668220138,0.34707900435836264,0.09388491559509203,0.38668267205209383,0
0.5540452594471772,0.3884360575217235,0.3934538502358285,0.8469375448363698,0.47523766070365975,0.3604080762649129,0.42152864856614597,0.2969585544042117,0.2555292792969851,0
0.9021724717902081,0.7873136083171521,0.5487920631599705,0.20520162401799147,0.5646814020412684,0.32570079174338884,0.6829118484990804,0.578539287142389,0.6195336045908991,0
0.34712224839151273,0.48637540795489975,0.39252107085731913,0.31182880790566664,0.868850485494057,0.9344137373902976,0.6837436689159266,0.8144897151446354,0.5615947843224978,0
0.6402423945961229,0.7514904826007789,0.5934903396864338,0.3903180933815454,0.21874829907098203,0.6550418256726548,0.7378559618309614,0.4058519596505536,0.18570049752620207,0
0.31411685603550715,0.16279386028419593,0.49431652545598165,0.7680462699444457,0.6671352674468887,0.5222790034260387,0.3421215230425327,0.3366161119340892,0.5404090254458258,0
0.3552284512835591,0.49687097166613337,0.430355689444153,0.5642653652347215,0.4743257151082602,0.2715038730011573,0.7331634543110568,0.6274038711553827,0.4624450819843103,0
0.8289340639062794,0.5568499991052895,0.7389712597150767,0.31354296086992767,0.6109567037719839,0.29151689800323294,0.6473725557459877,0.5303895082358787,0.3672744708696591,0
0.5087588057088911,0.1400118303734196,0.4208008756116668,0.5554177901167469,0.9298261336399628,0.7244041973164309,0.7360301457492672,0.5273620384189083,0.4169564805959014,0
0.5925534429761625,0.5769290619031383,0.6164299782151894,0.30882771461232755,0.49621494314250814,0.43342204080078545,0.3935243998446445,0.5806909298814681,0.7465208925040894,0
0.5286684561637855,0.6705199851293586,0.5411728859679393,0.5327199204059127,0.2213032699657945,0.2332187398658326,0.23615558621340957,0.6278958290427809,0.5910224713355503,0
0.48238610173594765,0.4302029546671593,0.2683684166869902,0.6124658710666,0.5819261750374091,0.4276185613986122,0.6518830053539831,0.7387887532907078,0.529094909031338,0
0.3737148649389661,0.7140939333069825,0.4501872443064731,0.7817011711034643,0.36622499668112457,0.2925389407099906,0.3995990290660238,0.37044601927424176,0.08172423784112356,0
0.9045638083606822,0.48438691729562755,0.6450210662979156,0.5212304381775328,0.4178833004456057,0.17197300594676398,0.7301693324791383,0.4616866871381604,0.25292402788833895,0
0.2250494897242065,0.42266012462848507,0.2391441348117487,0.5414716868896513,0.5923665714626414,0.3039607569726472,0.9091760790481346,0.7902381451424039,0.4090089200982175,0
0.758583670242594,0.2435776067231771,0.5543836340024663,0.5639794056705038,0.8985126768011966,0.3129756381290984,0.45634770635642163,0.45509872222966125,0.416404677976971,0
0.8721859111660716,0.2678413947863314,0.7175283983985643,0.3704244885758271,0.8445169684494497,0.7531328151745001,0.3404912876616477,0.26204850851012734,0.8743575122266725,0
0.13930654315476423,0.5690084061122248,0.47130065559025724,0.4634036182129451,0.3590089331400145,0.6361161388192281,0.45013291390468163,0.4880821813480504,0.4418139907804441,0
0.0977075362770827,0.22175625052423875,0.3955833985059797,0.5289937298613964,0.4556473896864654,0.3122277210723392,0.11991447015336112,0.6044020711701982,0.31635239437559554,0
0.5460466443146506,0.19312369443280544,0.3179919912511287,0.7468093804718139,0.5689701829291346,0.25494632754849506,0.4503901601524354,0.4122965710946754,0.8229043276190217,0
0.4346283187307277,0.4142608117567955,0.3149843814761546,0.6587816112138523,0.6897434028767865,0.6515559621796684,0.34569101262284396,0.4099469215812248,0.3323787916370556,0
0.6139382515069944,0.4598534149853224,0.3640884784071653,0.2875640824493774,0.7917001354740646,0.2052677702763281,0.6853862870977736,0.6892358658778492,0.47825565331545117,0
0.44334591260912004,0.5911668478305443,0.6467050778053003,0.7213452947155689,0.1808359766346075,0.6726036947496947,0.4820287146693918,0.5312170374986053,0.5281793042444071,0
0.14843514768776345,0.6364366214722907,0.39066907479242674,0.5497717157177355,0.49146097095299074,0.4936368367881324,0.5356925873669216,0.5438481101558157,0.6444424304506956,0
0.6997127522517719,0.6162843305256714,0.3486869210297777,0.5504618587403577,0.4199704715224035,0.35086287689554074,0.5322470918865223,0.6545174678711968,0.5056886835026926,0
0.739550403450701,0.17401406774187456,0.3902524893465403,0.6434623824767902,0.5378048316863618,0.1891054858190026,0.5463563712635825,0.21745637487818856,0.6747699036641513,0
0.9483886775287309,0.1644530917979934,0.6992625567782451,0.5752212975912456,0.8332611003955503,0.6422373689212783,0.3663067309063601,0.6095793496290285,0.6669818403042514,0
0.6392659563197879,0.6029422925299587,0.5461346859733623,0.3865789394253023,0.4446618095716745,0.7005052234818041,0.4988065079420289,0.42403914150426125,0.21290642156349743,0
0.22693460631086193,0.27508992246926817,0.29766627164240483,0.6356496692522674,0.5465893777412172,0.7398349308673513,0.49903615691887276,0.5602381806308281,0.551827752668074,0
0.2514393021192383,0.5023656258736023,0.4818661696805566,0.5786873292789261,0.30122258295277343,0.4946496853591043,0.3055785621710762,0.32246767315292424,0.5844165340399898,0
0.37960822643659725,0.5768510744915729,0.4767648139693349,0.8120457473145511,0.16281860951333654,0.5708264036853506,0.7778186749314622,0.08481744366193557,0.6295082942546637,0
0.8876866866090195,0.6068557094325061,0.5664670513540493,0.2557452919758393,0.42982565970502823,0.356256507341514,0.47863020273971385,0.5199809336114833,0.244339600813341,0
0.7516776373046515,0.6033379645909285,0.42204318589657036,0.2669502001687739,0.4198784042788627,0.6021732075091608,0.5856489813106468,0.4972462856758032,0.6610335165038822,0
0.4618872684880378,0.7048673148042469,0.3324322956963551,0.24516634866249948,0.414782877318995,0.5374342563488825,0.46667452365158235,0.6170112376271492,0.5504159300132759,0
0.5212815796710052,0.7003157356750209,0.3400415786693593,0.5334897371593763,0.5056050743905098,0.20690209184511693,0.4751223133198268,0.3169114272661621,0.5295750785365284,0
0.5129979537511234,0.35389003110726075,0.42833338753827904,0.42404345124431164,0.6870791745258287,0.2079449454655887,0.09938670751787046,0.7641730687691446,0.36180006172196105,0
0.6196607041047153,0.8015211817491369,0.7237410923634175,0.01731256387489712,0.3751977678345724,0.515153845966575,0.6061545086173752,0.515983641903013,0.4947151043315859,0
0.5825936614412294,0.28840143505275345,0.5574900990768482,0.6422738119049113,0.4807072647375734,0.5106207649610649,0.5962244665179677,0.7677321502639032,0.651973847062041,0
0.531647282905125,0.704603006953742,0.3628085095415476,0.5576697123605281,0.20522430919027482,0.7029877826718566,0.6978171850272166,0.5092074893990934,0.5043714128258979,0
0.07003544431538689,0.536358944449732,0.20569702306124518,0.9060255663970577,0.40160850593881076,0.7585995828533493,0.5599810800794344,0.48687746380058056,0.46875818539372344,0
0.5858171658159225,0.6522592165704723,0.5947453201308135,0.6457692340349148,0.3382647322002861,0.8048189554052056,0.4711432443655882,0.6257360185553357,0.6292409570823215,0
0.6457672327949732,0.7505482268062704,0.622814811830345,0.3823354212725929,0.4601704087325428,0.6874155102968337,0.44404740162191175,0.6688957252760841,0.6166551314804257,0
0.5207405810278675,0.42015238461771837,0.6948750332484779,0.40436026447337736,0.5927789012613273,0.6002299142268797,0.5245290350206641,0.44877092884246766,0.45392009186531607,0
0.7232914992098426,0.5028250832803511,0.4342564240193318,0.5454854684780638,0.7077502007222344,0.7024911642999211,0.7715641851502536,0.14100089934830262,0.3929979233892066,0
0.8793502762237707,0.7548432530417298,0.6005613749914908,0.30455243986083513,0.5034355187468295,0.3936819944046271,0.4229781656753868,0.7335361979161308,0.4204992681467381,0
0.34708263123570793,0.2538141962672667,0.3556467771683558,0.7939968113651203,0.23052106986795526,0.7729072262767962,0.35877664751680166,0.3345314830386491,0.7543909365218695,0
0.23631687936666965,0.6530911386123315,0.46619631418410873,0.6077516354805257,0.014289564567803278,0.38145560114794863,0.37936051629420847,0.26049800724199945,0.6180129278780213,0
0.21786739177501985,0.7808829454743573,0.40620082768995114,0.5340761792464983,0.03816904651630276,0.3407621052385872,0.4065678877686439,0.6067174268396254,0.6429995077763033,0
0.6130889433711993,0.6329656770596831,0.524572597888907,0.5454337558188675,0.23824069059087322,0.768511697122669,0.2718339061448241,0.4865887390880024,0.3003200738286392,0
0.7110628698937752,0.5642851394460933,0.6593605777813243,0.3604008618723372,0.5260530722747502,0.2840674887747462,0.204706299428069,0.4699553302097764,0.43138983349211646,0
0.1305250329526053,0.4048302492515528,0.5750875083653857,0.6771933535134297,0.32519410408998356,0.4383779262908154,0.2161851025401518,0.26858733617336833,0.5451343375655299,0
0.6919820802352131,0.5983546429031967,0.6368534110438566,0.5115758946058819,0.5432193580845545,0.31074530848136234,0.1970178571090078,0.4342078490867368,0.0696022743040051,0
0.8832869453914481,0.6161086920855349,0.7475756622901549,0.38112687253117156,0.6551580115166148,0.382147251703,0.4672080411028036,0.6358018109201768,0.18697879631877756,0
0.5014437122538029,0.5516241132147317,0.5478314206134617,0.6197039771845273,0.24592525643137936,0.3642027245455674,0.29880553065030024,0.4246523388833988,0.5616273616201309,0
0.6487631265869616,0.38167973713762887,0.5707672836136322,0.5556873103753982,0.780225011065292,0.3368402377459819,0.8033595565907616,0.5937498598411071,0.4684769945961606,0
0.4791436980418251,0.6264627463713972,0.2979398307395139,0.30831162052029587,0.8301847287452244,0.7806233284574268,0.5744592393658661,0.7358055526218933,0.494533916924877,0
0.5319560174391448,0.4895480476597825,0.47767028266698486,0.42881206775845226,0.6301785210028606,0.4806947496273022,0.331249798995787,0.6753461299576253,0.5696733130606544,0
0.6289107747159896,0.3263110033397897,0.42515181389988926,0.6198735331271779,0.8456309026152797,0.3303431697168996,0.5453864219873515,0.5197829708276661,0.4424893104074123,0
0.6099289400310755,0.331737021654717,0.8274044012020331,0.3840490243972369,0.5598462980250486,0.7006975256564981,0.5845594611135916,0.5304494301785926,0.5209101661477028,0
0.2631002556335594,0.33837188575894167,0.26998814769308843,0.9620476391866583,0.34437802511484805,0.6651765620604007,0.38213432091219224,0.36071248811197565,0.7132647641813096,0
0.43697945936369065,0.5041734909292203,0.3532058574646147,0.536821909067883,0.2121563954386129,0.5556832428235378,0.7376542456241514,0.6341407106550009,0.7767804218804059,0
0.3567514907475045,0.4935114702224378,0.27318908697626254,0.4402633670798279,0.7264315444844972,0.3686575863615568,0.8908899816489295,0.7830307171544861,0.6270488443868217,0
0.6430571725715101,0.42062878128253023,0.6701995046615441,0.38380675374555584,0.6924406242495402,0.4413046860490719,0.5516636967159056,0.16452742389875577,0.553669591958643,0
0.4312654531938328,0.5530629958043912,0.4398775226949478,0.40020782619835077,0.33067662740625997,0.6231200859972564,0.37538587786648486,0.7722475896790602,0.7214899785920125,0
0.49361959890741886,0.5556772457403877,0.3559557732941117,0.29677598648978093,0.6814302827798877,0.7334425608532215,0.2727940586794577,0.5735122122970848,0.8204341123033456,0
0.30175681956527556,0.10616311544600472,0.35321204997692274,0.7998612796820945,0.6566915712765835,0.48129015893496097,0.4167405743875021,0.3995917051726932,0.5020990724161772,0
0.5367717337022292,0.51927141607848,0.32076103283258456,0.7142296408196883,0.2236860802518282,0.6328514040119066,0.6635496084133531,0.5448448189461532,0.7720601074146427,0
0.6968967157394277,0.46796211714220515,0.7171353039891196,0.6241565756618925,0.30797204916627735,0.7037304512071363,0.17241228560356275,0.4029023615395483,0.4015571234580049,0
0.6291081591523896,0.550740634734377,0.45312201629532906,0.17082091691470583,0.8494833432817971,0.6962584358407596,0.9054600924650751,0.5496840635290702,0.48523421572522957,0
0.7049839400521316,0.7025505590752278,0.4241992562175852,0.4852914146102042,0.47252608959547115,0.40341557633248987,0.5217846480130935,0.20554516064151881,0.6439953508623155,0
0.8146106401754527,0.32555486986544874,0.7453939410116652,0.6678149856715968,0.4151687983103708,0.550220427649269,0.2756278657514306,0.5941212919455174,0.30670960025902666,0
0.46993491933993503,0.6928187381492396,0.31916664377352194,0.669208874418647,0.2156428714690906,0.35291558284388214,0.7837651153900613,0.19396069783985087,0.7006044875388431,0
0.24522264094114787,0.46804943558002227,0.40447910011310095,0.6245057152490884,0.26259956234523346,0.38171363112741125,0.707210821194355,0.8001609928074822,0.4886298875948546,0
0.39933727067525676,0.5147509929664033,0.6018393263515962,0.5852788664124098,0.32367734991010505,0.6145824689772479,0.655444981806961,0.7172399694993371,0.6845045548874535,0
0.4775674195179698,0.25506275552136826,0.26151927542846226,0.563389035048354,0.7525862362331228,0.6032664335378898,0.6448002613648959,0.4573720658019871,0.6464162643497005,0
0.6749360036595438,0.24792196690008841,0.48730518578984133,0.5661547939255006,0.7207426617015086,0.3618733305015773,0.3533361623283246,0.4592567986121187,0.4068113920628216,0
0.42899321145165364,0.6199882063648641,0.47020031040193044,0.5643991665506599,0.5714349323275266,0.2516165562821665,0.45316616637157087,0.26307249599180976,0.515056936946532,0
0.8697180450497104,0.06833889287264469,0.589087603609621,0.7080697487440419,0.5775554369419824,0.6188441568694758,0.20278270293905687,0.48831449412844974,0.6518238127743927,0
0.21393109393544057,0.4328392893109753,0.42401319771039875,0.4899547796386157,0.6239711440385988,0.8335700837727774,0.15755578220269228,0.5803209634362447,0.4096664773843524,0
0.6025735153839481,0.57513348838729,0.4959885898557269,0.33763801795698667,0.8581069796858174,0.6679036012658606,0.5994538457722749,0.4303137402534942,0.4660808516981671,0
0.6240893118033983,0.46940415532743884,0.37052405074055156,0.6807098598055871,0.39969141164828637,0.50981778080905,0.49988519563327655,0.6364702864762023,0.4217731859129386,0
0.8409977117220202,0.08114395999509588,0.6744577327923645,0.7751666907379894,0.6763023173881321,0.46629698845818934,0.7060017725886136,0.6156695241109071,0.48027435971745924,0
0.3127810303472964,0.4552512648134965,0.2524512617023496,0.7007651180392762,0.4823535241346357,0.28765908101868576,0.7056059819604872,0.4984408309684097,0.5934730497273172,0
0.5752433554660872,0.5762799649699252,0.7718588859363447,0.3060508160173341,0.3470520687601769,0.5968283859849918,0.5731127385005116,0.13605177097193347,0.6695586730524385,0
0.5097406812514662,0.7952981840579251,0.5227032563706601,0.2038564458805469,0.2584146978549498,0.3100765300311973,0.5959013264701303,0.2567742010582539,0.2832769379780084,0
0.2583720260231647,0.4276585079514108,0.5718015932631942,0.5867292514128574,0.4271386026567533,0.550652969946575,0.72166390216062,0.30037740302678645,0.4678126628702335,0
0.5353992264709159,0.5566799386542194,0.5291464933915995,0.6323298197212754,0.49869237539905026,0.727416041241335,0.3859700318769659,0.20267807441228672,0.49157885862774436,0
0.38113392832886955,0.7811345523655256,0.2981828391027486,0.3585378569025892,0.5085793214748405,0.35929751892959855,0.44827423123312726,0.4365417243109219,0.5365121862473055,0
0.6107200020485614,0.5699711717387671,0.2715610788073915,0.5308408923431911,0.53540907544136,0.6603019828670736,0.48149266663382484,0.8680595505570607,0.8448370063871642,0
0.9338434845550673,0.9176670186086698,0.8751296256902221,0.00311219796299364,0.26987276631934637,0.6025359810319342,0.43948328365232237,0.4882144003344102,0.9258981734653525,0
0.5410300578677915,0.5342216033524757,0.3769748554752734,0.38346796601231364,0.6337478305322614,0.8841417268160088,0.6651342950015027,0.767546565680587,0.5759456526015396,0
0.5979634697824084,0.4709460297778918,0.6263262060316617,0.503048158451805,0.4812433327151481,0.27889947088218636,0.29168412025939316,0.3365112810446106,0.021111045296942483,0
0.36948079023608393,0.5551672307068928,0.5176306063995375,0.7405859533879383,0.25839569985989946,0.3765291981997726,0.6405284466995911,0.5787303143391166,0.19317443673384688,0
0.31258058960348223,0.7051591504210599,0.34495212394719,0.12355168150470394,0.7396759267196231,0.46005461509496337,0.2956652401617501,0.46987014972514385,0.41010927074160364,0
0.759091755849921,0.516162252633701,0.4821650202735343,0.3527998060299207,0.5796479619140369,0.19269379007532944,0.445109013578477,0.5792038100340317,0.8998413954184394,0
0.4933600324042605,0.5580623903821434,0.5044896191671111,0.34743286360361697,0.3579225260369218,0.5325702199281418,0.4517482855158493,0.6370633004246239,0.7263696206290771,0
0.4794526609488629,0.4107545780359881,0.4494838615879096,0.46625291685596854,0.486515651088069,0.4850411621767384,0.7019851859146242,0.4264906142160662,0.7040025590914645,0
0.3876219356740704,0.26417741491891117,0.43898136886587263,0.8728813663685,0.3871989209117928,0.6730464067272146,0.6351643505608989,0.2140045645641276,0.4586189271801398,0
0.664557701560961,0.7256692715738643,0.3660476848409777,0.40002557513634657,0.34368787021306546,0.4296112098353318,0.4670924088081815,0.644603161731042,0.4796956970765817,0
0.5414777953150841,0.613620091305393,0.731337814109992,0.40097510594428887,0.43489618250352624,0.5243185474299136,0.5800907623107565,0.3712057527959135,0.39702810715005615,0
0.6068815242556831,0.582192962083589,0.4405281790100436,0.6144817372530571,0.3398704711647039,0.3699516937645002,0.7342826595111694,0.39321953459176373,0.5412512734486076,0
0.08376073554409491,0.4547312649071935,0.41074377724662736,0.46893271539432213,0.800357510969287,0.36293357381772745,0.5503968884627772,0.7393635212784752,0.7031096671444728,0
0.41870504189488267,0.055075737807204136,0.44651830267486364,0.5796782301768861,0.9506450622654874,0.5181846196300302,0.35941345504325145,0.35113319049970615,0.6110692273685685,0
0.26814033013684413,0.4676796553600288,0.5534441367243265,0.4851016822070651,0.5175878641462521,0.3143133423990944,0.587430336672173,0.6292555606409387,0.3125553166201877,0
0.60409837384119,0.33868754030634085,0.5774149488982687,0.684120941734811,0.37320376529413285,0.547648112724504,0.6148057402947652,0.42782284845842705,0.3942732695682954,0
0.37026904745213446,0.5044323691217626,0.23027386439116845,0.26870032962665624,0.8983429298420417,0.4665860842529802,0.2481212115440285,0.41588829775604114,0.7942056588368999,0
0.6750049468700137,0.6681436507441422,0.6122680349823496,0.4168787480977424,0.5929557010006088,0.25819095388236635,0.2896423227166606,0.4751703906348936,0.377190793248632,0
0.6750470687074998,0.31076571727215807,0.6684969613732936,0.8344912238153527,0.37384910644800373,0.7648013672574165,0.6691135917030633,0.16509817961849613,0.4298555858046102,0
0.4404908139763548,0.15067922866215736,0.283189322953174,0.7508606807037465,0.5350963720638772,0.3068347234826788,0.6542677241273791,0.7321541937898837,0.0858001202484097,0
0.964383376766541,0.4788813273352304,0.30978440315046485,0.9041107661459715,0.46853402022157276,0.6160385298244151,0.48321912499793773,0.5005436840213362,0.775996641677357,0
0.7838430256467388,0.5249523296754268,0.5960397425440885,0.46198842596480905,0.5298424048822863,0.36000183251959883,0.48711167932036376,0.7425318758576618,0.7022181530394492,0
0.9509468068098942,0.8760765234149416,0.7138147284568651,0.2309602765926508,0.283510205671865,0.6736075704094943,0.3963702360374028,0.6060717547659494,0.5861546048864905,0
0.370347963549461,0.7545433771307001,0.44151990677092495,0.5574363143552541,0.27568854009767885,0.2520349844406369,0.37351616674353466,0.5917671500743887,0.5118422127462842,0
0.364247851004657,0.4074065421292738,0.5973904315924297,0.3234274567405674,0.8154795171183598,0.6215814901862093,0.20866001081836133,0.2956193033802341,0.5547945339818967,0
0.39565797553552606,0.45298201749713807,0.3346296138478813,0.46022731788222815,0.3715886172114134,0.21321832108214822,0.364110699805173,0.6771231190696972,0.38407805558109764,0
0.3799202231955263,0.5207453671136725,0.3628126135252765,0.4061697670232487,0.6557443389701053,0.5385337304439763,0.5934871545124896,0.5703113164032224,0.5769004712032851,0
0.343698659082006,0.42259044195141937,0.6555484083398097,0.3630519447245229,0.5708458637895235,0.4524141954441414,0.746865352549208,0.6865284369869771,0.5365072757057603,0
0.465159637173577,0.6004896053481137,0.49156564609884007,0.651587980196734,0.21946716005196665,0.4123643651527067,0.488764420640617,0.6175238492371228,0.5490836644673818,0
0.44514350457772234,0.5560414129045469,0.43568748968742893,0.5049807650028915,0.55009380922673,0.5077202255865793,0.3757987442075758,0.3946006548833692,0.49890860756444555,0
0.3227313101836384,0.13458656982929867,0.36666721225496574,0.5915838189944669,0.7735899253348157,0.4810709948170082,0.43769546693404576,0.49711913823545184,0.4747945130615203,0
0.5746706221460217,0.824600817895139,0.32232294534565836,0.4016741322257839,0.4459090536769758,0.16343865848989467,0.34950657083763487,0.8345299325345049,0.6432620198612424,0
0.5115051662632422,0.5460370788625423,0.5596644989439489,0.28100886622486443,0.3015733145094179,0.4931802105007133,0.41330276842609526,0.3716540483956047,0.48508956982871715,1
0.858591188671544,0.6473871017165327,0.7626898575701146,0.8312817816943759,0.02064081066991729,0.36686203611824114,0.45065431786067434,0.46041461172828807,0.619464473931807,1
0.6278868866453313,0.5064360843327241,0.513937454013043,0.8214288982261723,0.44868682959315714,0.4304972440769318,0.44157442074588266,0.5297324873515922,0.31247739600613084,1
0.4454314387505359,0.5642634820066011,0.32205336012529473,0.41376542362491886,0.41657747274077533,0.8438141553440583,0.39548468639544654,0.5299945773319118,0.3636079796424685,1
0.4257269778191465,0.5109156272532611,0.4214025068708111,0.5218323928634983,0.5089912895541917,0.12283386062720564,0.463374026373451,0.3417422224902752,0.33316125176752265,1
0.4019494281365245,0.28865204915331144,0.6275520408464317,0.6739198676712345,0.7079053239004971,0.20858655044629446,0.24976491278640475,0.30999096945803467,0.25266859709963724,1
0.25955027971357497,0.39153549481221933,0.4138288488075908,0.25488449278373526,0.8233726327217363,0.6291438979031768,0.4823118174052125,0.6116996030047547,0.5811949286470918,1
0.4945220703195594,0.4046463656224259,0.4031813596430542,0.6429348671849164,0.6803950944208723,0.0,0.32475260732353467,0.5220018031260846,0.3641807434013506,1
0.46971497279806,0.5863470702415909,0.6801267730346744,0.4342954753946523,0.4662351054175623,0.6465915613313694,0.8166844445665777,0.43885113339397497,0.2473131032616108,1
0.6653266068318989,0.5099263835656616,0.541918652683677,0.6530174518955646,0.23689572982741727,0.5653142350171153,0.5643786371497724,0.47793812851214984,0.4473367069682394,1
0.48470646924845817,0.5907634066317178,0.4264253915423271,0.4046360577284926,0.37259599417057443,0.2711485377488426,0.8856891663808724,0.5658353082725424,0.8389520396186777,1
0.38881206369618054,0.4511874085574156,0.6088509009114633,0.46057121982235993,0.43435063189280604,0.7122841960215456,0.45087523114673994,0.351568786742578,0.7032320167818525,1
0.7751422132994662,0.7824474473538618,0.628221286345577,0.4602481921148566,0.15858233834436009,0.8134537747316303,0.1472123194609009,0.2876510008169664,0.39655093314991013,1
0.10662732685527905,0.11459398370510797,0.38595422493673404,0.3952522206206349,0.6916410646798442,0.3166412093033799,0.5705962797072968,0.5240981703639072,0.4260665139022363,1
0.3270223183003024,0.23284263937497165,0.39040256223319764,0.4406210477634433,0.7714612118202492,0.2723512363431614,0.6681161652161339,0.5127684456472659,0.5208929818543072,1
0.5564170056398803,0.6913896554145905,0.5918695484951002,0.3132854393280971,0.3417818154632583,0.28929679076591536,0.5947764190732044,0.057491133155992476,0.47682454748463227,1
0.3768681474710349,0.6333132409595299,0.37990686597322554,0.043001540674616014,0.42995672710365795,0.9103103469930631,0.6223914594113629,0.48242404973571534,0.19449036903183248,1
0.5140798269903627,0.43551178598123536,0.43268624849636916,0.6216356800792715,0.3645593610495399,0.3422297429228833,0.5717710433830363,0.5889331494473697,0.166607905651315,1
0.3870219841275774,0.32674741429193177,0.5316759552534877,0.5255656889865469,0.702765624943034,0.38128558433584764,0.575111095791432,0.2881203558045889,0.7064370743855266,1
0.3041944914556073,0.47124236210886583,0.26654135259695827,0.2592289791229247,0.9777689199348901,0.4521128870480098,0.1692888596941576,0.3658995686275814,0.6408705282660846,1
0.2078799903523517,0.20438228726772223,0.42579647497640116,0.6015512725777258,0.6964033401711851,0.44094845550489176,0.3171210687703889,0.5345545272754744,0.6432424571522476,1
0.4547781637760612,0.47415016123590276,0.6123881614131436,0.33246535430475405,0.2491032409327172,0.21792718743580816,0.3794977770972449,0.2618992270111934,0.5851244368497318,1
0.6220176325151259,0.7578459306251709,0.5232572685541461,0.27491949750455696,0.2595658079862879,0.6149099574034169,0.5500169490805085,0.3512781119223513,0.22642937778930203,1
0.5419335251313465,0.5731567033512521,0.3021308508302038,0.6372977212752896,0.5924608905482328,0.3000395657225548,0.8652611282203979,0.5366340153005434,0.9479306431397145,1
0.29906391832640405,0.39625805464431857,0.2703491668576335,0.28656308295954547,0.8693339696104179,0.41498858993695414,0.3972994082761089,0.43306210422756547,0.7268463924464743,1
0.5760820084891444,0.6116478447991541,0.6653780003397103,0.4209393779886064,0.33054145173243643,0.6505082846999403,0.4400213316888492,0.5438149052463762,0.45782202497540664,1
0.29403242556326786,0.4156117285080979,0.3371077336975951,0.32048552748047626,0.7902358265665009,0.5439115113089167,0.6810361613373392,0.3112515107877785,0.28713036434689815,1
0.3026242290664303,0.20729440953653294,0.4063188036942048,0.5427398283808398,0.9002332106795587,0.21897388668770945,0.38302921665116035,0.3752069058190657,0.719145563930333,1
0.4002001292911991,0.4417589471148578,0.6173844960134721,0.4185458135607365,0.48720559739105895,0.2259316981442,0.49369077825784935,0.40161337419072823,0.24915103769162394,1
0.30295153376219863,0.3990610610373001,0.4787098364437277,0.4460162347591847,0.5895814202126946,0.4832215414536557,0.432866942701156,0.5303693121886953,0.28548701023419115,1
0.32280446893037407,0.4434157494966429,0.5762877750249445,0.0433290057696294,0.5212306259614407,0.5647149510141763,0.5633748028600004,0.5731747552629091,0.7085561754617982,1
0.6063683100594603,0.744178529427869,0.32578782928946826,0.5769252543677864,0.5239915520079754,0.6742822420519875,0.358380999364048,0.3033912206639961,0.7910979702826645,1
0.5251142273553244,0.5398850063802272,0.3018689088892366,0.5872520675636971,0.588975168165668,0.46727081386098024,0.5988900876239334,0.6615114533859712,0.30590946906617117,1
0.3771061607207196,0.1464650985658713,0.2588315610431056,0.7523062380498841,1.0,0.4689459079724883,0.531692678196979,0.28482223282686403,0.8017898480175574,1
0.4202034610744089,0.5149583470667032,0.6347475444107776,0.18121139086786298,0.4870367407681888,0.5483000212793306,0.3467314158457788,0.5451532171133261,0.25681993611405396,1
0.520345024079156,0.4556167581029744,0.2931673546909376,0.5883536138823254,0.7165797447778722,0.7533220436013167,0.3938622094157599,0.21048606444142504,0.48240191426455914,1
0.3901361830363214,0.13119112782076464,0.4778370647084976,0.9713824868630873,0.5244706819911131,0.5459658009318116,0.492595897830712,0.09303194575009445,0.16467425631353724,1
0.48220152986229814,0.4503132015078352,0.6101106384230363,0.6099676315825792,0.6050945964383585,0.5848675973611348,0.3873678325917123,0.6033574405585596,0.6268427059647632,1
0.6479162015802193,0.8005914751286254,0.6946287159119491,0.19552965675163006,0.26796768231317103,0.48124034340650074,0.528238084531756,0.38411128914670994,0.6736394495817175,1
0.7230468404730018,0.638449042393081,0.48342882976464363,0.41411146990993714,0.22445417302536627,0.3425369619553385,0.5756090769690551,0.508563467881802,0.2548202861207739,1
0.20516628374089158,0.37266449472541746,0.5357011489351968,0.1052783064847416,0.6643359983829104,0.19205618042698455,0.4340399554946558,0.635899082034124,0.8537621856313699,1
0.7240226533537856,0.5891540599941818,0.3531827652402997,0.6150486905692273,0.47668342183462237,0.27150763142358797,0.37333428959528775,0.42320295892384713,0.9304392180403885,1
0.34182535130161484,0.4030394047354843,0.2866532469667838,0.37007647970855445,0.6958288485545389,0.4521832103220681,0.5790328355986784,0.1357352708261377,0.5228521798857683,1
0.5080308039411195,0.38779664914865764,0.4679462209220777,0.5427254879736506,0.7122666527732027,0.8204504756481902,0.4012498440990166,0.7224391259843806,0.33089285548557607,1
0.2316784495902219,0.3333197980933321,0.5115960616875402,0.15844239506506236,0.5338071498895752,0.3216162968227923,0.4381262233965666,0.7143257295972719,0.4535393644257226,1
0.8545524240656555,0.6085502440810399,0.5335052708645173,0.8123770332015673,0.3087852758884799,0.6772782065547654,0.5955507695171193,0.6944549107612098,0.165486189518382,1
0.48170363576077463,0.1307259506787065,0.32871185651267326,0.8228930155333124,0.43042601158391286,0.18917374954582325,0.48932718285997745,0.36171349112395096,0.6439368203720717,1
0.5750165714582953,0.4752314441890998,0.5659613102089877,0.3508797936206479,0.26061896836611664,0.5113787478354032,0.4110252796651382,0.6737963838091684,0.6541821295477319,1
0.22603304107527059,0.15282502806793777,0.2998732712840013,0.6483940282687457,0.6682465342314688,0.5265606958591367,0.2488157317410408,0.6920944676293398,0.5297686654654109,1
0.3303738942474789,0.1774844275764021,0.4700105822244338,0.6038369096106583,0.7479662541678894,0.5310653014052055,0.6302790006616501,0.5487866781012272,0.4941020346094684,1
0.7099443114461941,0.6614367501416474,0.30127188647012576,0.5173863039821222,0.5721265300013244,0.5749404407049019,0.7055929725623072,0.5717985968646518,0.644990961283554,1
0.5889827493202889,0.5944085859413638,0.47548833954798997,0.48153139763126845,0.18921080889436234,0.6526580826609755,0.3345339714954617,0.7202096325608317,0.7350406945665382,1
0.5681928289189808,0.46007067641481064,0.6562091899241729,0.5929780709366879,0.5785190268786037,0.7159757797378998,0.7841033624996365,0.6555944056448691,0.5287320052088409,1
0.22343165956149502,0.12154840034223395,0.42371915353271716,0.5165486538523502,0.9138241320569008,0.3469070468834085,0.4450527447919154,0.6130164025824966,0.2796412074764151,1
0.2212837591985703,0.35623470929487056,0.3361341326043341,0.33623277416524766,0.8769171666194421,0.2924803026090447,0.5504129271726462,0.5306277562033661,0.4992400799496442,1
0.8349291622751912,0.6304405884812528,0.5606590278395707,0.8478774740567416,0.4786760538546313,0.4267630931530088,0.8331617900719429,0.7294824202276529,0.17635945076365406,1
0.2630181561143862,0.3874638383376651,0.5036449160988613,0.3968050170702696,0.46566824223645265,0.4500628891273851,0.7520668394672836,0.7773820486490263,0.45044913982359835,1
0.3568963703217566,0.43134805204257887,0.6238629353694064,0.4545566802573259,0.480814175317146,0.503890025963315,0.8535036437274068,0.5526030353647372,0.3051355896087757,1
0.3327560173367613,0.35569386471329084,0.3154381265887337,0.27309443415134393,0.6708191220436543,0.5989121117185892,0.6157324966341408,0.4040219094777518,0.7665225927590376,1
0.326120414301609,0.1607749030817781,0.40729724282565816,0.501452269384866,0.9067631801715096,0.35074010195195643,0.7449624848977184,0.6308114552193995,0.84470206775029,1
0.5937348683328735,0.6476954438708088,0.3800609430448179,0.6075455460543536,0.5505140389045156,0.40678199777971197,0.6396732244427987,0.272881427636444,0.7029954091163448,1
0.5606078533738098,0.8171438269361092,0.5032709189371166,0.032850799043560794,0.32468096306443134,0.3456920608043417,0.5997672122030143,0.6573572006574133,0.46669678920633867,1
0.5664494099584669,0.7113352804602326,0.4185868793806579,0.1471819291095935,0.23393329307211314,0.544754690702462,0.6795702314842873,0.34740073156829887,0.5805901059812604,1
0.5170387362878612,0.2765809637661625,0.5700448497721444,0.8865326578477443,0.6633333647142058,0.2859294980728039,0.5606388420258896,0.32208389641890933,0.574443509648214,1
0.3475805760266063,0.18605605156891108,0.29988136560045775,0.7210222908449827,0.7933942821296845,0.7349907973014117,0.4912082312277584,0.7973639454915343,0.5854586890673014,1
0.27199631392835455,0.5896488131428285,0.652074561337635,0.08256675886062899,0.5385892785466427,0.35915867237956234,0.7083158003034559,0.14530501188159292,0.44125671915924525,1
0.5507643059979636,0.6010829861682945,0.4092532790388243,0.4486504360487338,0.6074636483833125,0.7140612724168994,0.370981233197863,0.24909468461938875,0.843273873822436,1
0.6628293280674727,0.6627987650027956,0.5315234250813732,0.29752346468663854,0.6025991452159783,0.6943911025537385,0.3212617597363328,0.3940990236532694,0.5738659470017307,1
0.6287105217006486,0.6060472758482432,0.3414408024792945,0.5677624307651533,0.42552098901493485,0.3874202523036972,0.2206659318056218,0.37230025535836336,0.537226980703861,1
0.7349081341758467,0.9167589091161468,0.5435629634199083,0.2805481488338415,0.05551327851026884,0.648090886926755,0.437325033349896,0.27417079463604976,0.9782847329583441,1
0.424130361278154,0.5365220758417131,0.5893630687450726,0.328227330836046,0.44636659847672283,0.8107506371170904,0.40231424730700915,0.37513973036550213,0.3580423350635472,1
0.6519599070850978,0.5499941837416332,0.3855860589551443,0.4627805803123645,0.22681873163104282,0.32139111500800716,0.39461961268606965,0.706867971164881,0.7734031654067178,1
0.6654743516003783,0.5309118340445588,0.5174553114006272,0.7797812276712159,0.4983659879401413,0.20113663454762057,0.3674935730422307,0.46850757693440503,0.3848027593547098,1
0.6040534537791417,0.7789618541130705,0.5723689963575425,0.14159106946685854,0.3469230020443688,0.5347352061925604,0.641963346785486,0.8595054384082678,0.6986950153817962,1
0.6438516855697977,0.6510678710068546,0.44641662219464495,0.5395962941904385,0.6023002145187604,0.3663255846791459,0.80177285196864,0.3518411199973327,0.6517194740756174,1
0.3542536355722429,0.29973272304000415,0.5120798225803964,0.5509719757827087,0.6112349263535007,0.4438085173392346,0.7251622590884641,0.6622858659889742,0.5718608637981628,1
0.14981107074657235,0.13067393240630867,0.2599017777288838,0.30691480149742845,0.6482525028713333,0.4984274925330644,0.7942704032376795,0.2859939527399147,0.3086538200004747,1
0.6120208849799171,0.3224504498523875,0.6406894750360279,0.7792567596215474,0.5978740941517143,0.7003868570621594,0.365682651731561,0.6591797672319497,0.5982045225522785,1
0.47886906122213907,0.42220394151605445,0.25395465489034275,0.3754815681148588,0.6465785744960657,0.7880294177396252,0.2107441358547681,0.12293963624986766,0.8241623853111067,1
0.4422134171404807,0.5420361622210571,0.49747744762358953,0.38805983600316246,0.8172266420197172,0.7675065344355259,0.37161572106909024,0.5589869457630063,0.5745321334505735,1
0.551079827134942,0.5840567438360393,0.6936860549921382,0.40397054366144874,0.396630774026317,0.5749927017121952,0.6372739097498891,0.20944821690746973,0.4369560867511266,1
0.4302841280826484,0.6775214217759302,0.5974583297164053,0.010980017096989135,0.43013460763901956,0.4019803275472093,0.2907633048079569,0.4695077610240012,0.3263254617491097,1
0.598743324905943,0.44393042509121006,0.468583884806384,0.9366219938479698,0.772971936199045,0.5797056673381057,0.33577977350342714,0.67165200583759,0.5164343448140722,1
0.44097228239165653,0.5757332393642274,0.649714466021299,0.45335599063484655,0.4715779528126901,0.2361102192486009,0.3864203626707261,0.4932858046286862,0.5537914761721813,1
0.2285067577566264,0.2817842226305416,0.3114190234833703,0.4080317730282013,0.616328069250679,0.30194704698791097,0.8873493654598444,0.4927486097740727,0.3354422333132365,1
0.4613595909642122,0.5042432394948563,0.5795335543865812,0.47699698308994426,0.5625619898770187,0.6025717070667244,0.7293526025328833,0.5369757218010952,0.5427612243432989,1
0.3362885793144626,0.19751081454353597,0.7239738790154611,0.758648576793176,0.430848678931788,0.4571164665686463,0.3729155521645186,0.21663093272914738,0.4411125036179449,1
0.3472821460595322,0.6301368308795675,0.6614692279337117,0.12623420352972828,0.4754534470762378,0.24206502345646505,0.49786778956397326,0.4568957314199152,0.4731961158643447,1
0.7348018533250014,0.8279326878729152,0.43926020646571623,0.8222250501447701,0.45069191234135875,0.46466932742031297,0.7124230467971245,0.5285905460363742,0.2854831818833279,0
0.3503624042003853,0.1840673648208782,0.4366681578960239,0.21343750767922778,0.43464273835098294,0.4719424561918163,0.5648669020775088,0.7125928044355322,0.5719844698501831,0
0.5648545048827576,0.34201386905096515,0.6032092479017928,0.23381467910802203,0.7144954892395451,0.2738414943711042,0.46690915140373956,0.8635236323962137,0.6441749507726092,0
0.2512870605039758,0.41168424771387585,0.5248956708171229,0.7523537505912719,0.46502887117346003,0.5409918999849557,0.5431433372440722,0.5268861339419825,0.7021160087836229,0
0.4300058853573148,0.3966549245100773,0.6476633880782081,0.5212363620111933,0.46486178926909244,0.3837860924235689,0.6982077483165486,0.6130829877428099,0.19378579323607853,0
0.32502173483740476,0.5183194890323596,0.20806732103630618,0.7118051241190619,0.547455641158708,0.39142529809103505,0.9179590719025285,0.6665598193276775,0.008915284660587301,0
0.6419242391245249,0.53989310926636,0.2911278141785322,0.39589921566431574,0.6377619291914285,0.46155299636600083,0.7202929355116208,0.6482344356522506,0.5631650716445711,0
0.5707629924843546,0.5450468667862925,0.4632003469726594,0.6233921270437018,0.5019995924553291,0.7333740440815608,0.49226004822688874,0.597787175118123,0.3096172116325609,0
0.6572224674501597,0.5658615616298828,0.6938529961241177,0.36876031227738637,0.49593790921951975,0.37126379940276155,0.6783500694395638,0.3672521367266648,0.608065197500476,0
0.23404755464848342,0.31966053423657426,0.3919033436674398,0.8278120298240169,0.5001352879512725,0.33587093608564295,0.6647953003857066,0.510948649846078,0.6860582192882795,0
0.23757066775189084,0.15087266778184172,0.9965569531005457,0.642571129483212,0.5091241115412567,0.7386971133566554,0.555167256849576,0.45973621947715665,0.48775319380773896,0
0.24456219619554573,0.3919539282064227,0.50160045296585,0.8777798467336612,0.32128167574034183,0.551488383695329,0.49112046336517634,0.6851128680537945,0.3465079135413876,0
0.33864044561283496,0.3288074440185312,0.32459550833355505,0.5161860137656658,0.6233017858330899,0.7407842016141108,0.35325152995254866,0.5114739988070431,0.7816507203081973,0
0.755945431849405,0.9552569025192521,0.2874599464089919,0.5622093237737333,0.6188312010668005,0.7722191559322948,0.3669858382579591,0.4691634179654853,0.7336998450738218,0
0.11382886943269956,0.17531527356415064,0.33349777802045333,0.6324368334067239,0.5004782404616169,0.31349230082927165,0.468018950581662,0.7275871595065435,0.5141923160304833,0
0.7233771312200387,0.6465755789908308,0.7453849791344341,0.3169867562547257,0.45399249140924525,0.5365240411920933,0.6912936051759198,0.6578549601364159,0.2415001825153867,0
0.45187889243825247,0.3468906571334372,0.7781275886315606,0.6461608914878789,0.307756979103349,0.41659785829641227,0.584599224720271,0.5194648013461891,0.7121090825594181,0
0.7994412816807916,0.8506021018739051,0.2891075401255679,0.3785591427889088,0.4361403594808903,0.32865486693789125,0.4287177200952007,0.41158867470031985,0.4524720230299862,0
0.47886144597545305,0.6480095218245708,0.524677847395978,0.4339293221766602,0.2672955829205929,0.27522088321098703,0.4491924999585576,0.7714859379271041,0.45913772047639717,0
0.9044780439824089,0.7965236314217383,0.36546929201671147,0.10258733541391671,0.39058435067734487,0.6344355457289358,0.6608175515352396,0.7063359335374132,0.39379949922509583,0
0.37274048901365825,0.2927097480391374,0.21706263218164917,0.5745634717620386,0.5823990351880607,0.38404995667851144,0.6295127942646356,0.49084612487905277,0.48708054578042886,0
0.3750716756064692,0.198356924385301,0.5251931608893884,0.42450339606581095,0.35143224331912276,0.42507463190210554,0.6829361347456412,0.35770278263612937,0.569239358173357,0
0.5014766157161795,0.5179099175279775,0.5330341934266758,0.638657876471399,0.4369082202508579,0.48355251656612813,0.3640631995271231,0.4718339960184803,0.6418612182719607,0
0.441620780512633,0.4378004407655053,0.5053496303635623,0.3834218780246763,0.4864389618949191,0.40672422223102156,0.3696190221962482,0.5737628431311466,0.7372604219626958,0
0.5401236013343264,0.4498921887424783,0.670449650603068,0.542220692976478,0.3846704623605776,0.5852066647244734,0.3127166037565934,0.2750015410953072,0.4425833738311952,0
0.21948319725364251,0.18255780595523327,0.44904270166665683,0.3996475371851581,0.6697966078733724,0.3213458314345544,0.5504191982501864,0.39029267936612927,0.42067211169620217,0
0.48595035896917904,0.6681738702094272,0.3956832337479646,0.6090446426546624,0.33559222596320437,0.5041456757746188,0.37911971629807023,0.5295752426199566,0.19446062462491717,0
0.45905840634135964,0.6877656387080574,0.17859448675068396,0.5706557878941616,0.2900242949700389,0.18441213019389366,0.3586693417014108,0.330159577278798,0.5228473491445589,0
0.4828729715974328,0.33414520283869015,0.3869608655565487,0.2547138831601766,0.6427267991712639,0.9757128611515582,0.6585572723298759,0.20132027112405576,0.640261868412054,0
0.8615749979951086,0.9233075411279539,0.293796727393401,0.4282856948610355,0.3181532527971943,0.5784202103728239,0.36622155498718195,0.614042953064874,0.3417637780224418,0
0.435741168569438,0.3744627520115986,0.41082362573357817,0.3671041951579458,0.5129044586788009,0.6428181628005948,0.45249376418800386,0.8600289500863604,0.5202089559142005,0
0.12153879701862595,0.18358785195540483,0.5398319190405938,0.515322047437413,0.2552868376932625,0.622451882213881,0.28774593394337356,0.5440669117394668,0.9687862029889269,0
0.39018960629981986,0.4779281402006653,0.7343380500807312,0.9759828887589919,0.5187187919511627,0.47299586423568746,0.4223937653627256,0.5416913204188514,0.348783429050294,0
0.720365110328386,0.8827809768040064,0.2798321297859825,0.9038664500919658,0.6095972350065614,0.6758574621696064,0.32870752928821584,0.536498692082721,0.3552336859307344,0
0.7740188994617617,0.7074726251784913,0.5467850410668029,0.48842196457072773,0.6878348766647715,0.429755937567625,0.4932359103199311,0.2019996257820974,0.45597563929375856,0
0.40855021984861767,0.1614931547897475,0.5020564577159211,0.3173670001741448,0.5254039384583379,0.8254164320211159,0.5531721381333177,0.2960491120222544,0.3624799112937802,0
0.5212212021794093,0.3651000240175733,0.7807744666322769,0.28415584867392074,0.49319794936006384,0.4650123022955404,0.3472438522685507,0.42899638666858897,0.5813334686913041,0
0.5456675551415773,0.4464748238393123,0.27067865949817965,0.2925022933672017,0.5462737366998831,0.60694457749485,0.6948764080927964,0.1709966307531635,0.5865703537419871,0
0.38984826346530516,0.4431361573615309,0.22958191397574032,0.5744694087257334,0.44669947156060813,0.5887340343319668,0.8871281325547853,0.5216606627677167,0.5360497070439807,0
0.7642247853617212,0.6211971212775631,0.3120292644177061,0.23260769687031926,0.4994609595127976,0.24434008126819115,0.29704300902672864,0.5328408757900562,0.37148872399385735,0
0.735577541615822,0.6658456128875428,0.42718820925056655,0.31812416391224085,0.7985375161206474,0.5887296367540169,0.278857339693993,0.5876798020787594,0.3772743912740488,0
0.46662942913741456,0.39260910809106186,0.5294684465062355,0.2720838092679159,0.4980142842522944,0.5764036753924291,0.45396747321282827,0.4323977555996659,0.5398067614947463,0
0.8272098470334083,0.8484379905154493,0.3797621103714758,0.3885974911683436,0.5629295265050968,0.4628397197214555,0.7400335279032653,0.6955710591822825,0.31113051731966807,0
0.3031156618368094,0.2043921428474643,0.9671363975639271,0.4287496163427761,0.44667806794160436,0.18998209913701475,0.3226653962941699,0.564663064053719,0.42639817324467155,0
0.26393917964983504,0.363177796424197,0.7478255594813165,0.66110562047748,0.4309962042669032,0.6268550920935907,0.6376562891190898,0.8296121550877299,0.8319076506270601,0
0.533136560568419,0.5052746004762115,0.5141175530979278,0.7996650083634439,0.49385126462888923,0.5494170165306913,0.5048192484873079,0.5432530675621202,0.40351681490959224,0
0.35116035431489656,0.42804936885894873,0.3163101970724204,0.8233709578477725,0.49977520090544975,0.4601587024346164,0.5207680174222734,0.47486927884806196,0.44369650967453944,0
0.3335340151506352,0.2565755203851385,0.5648831747513956,0.5752334827142943,0.7111385183767901,0.8131967495389543,0.4578745712874811,0.6132313749283599,0.6792318432374542,0
0.38803125698397123,0.36871286610063564,0.5875761078213769,0.8336169953331509,0.5686416438039906,0.5590513967472714,0.43688772869533643,0.4381179072854118,0.7617603395395722,0
0.5344839516425682,0.4683749334366142,0.9304689134824586,0.2694290117415917,0.44092989833051177,0.3124330717201143,0.4672363011894928,0.36059009897196004,0.34764670812230936,0
0.0,0.15498578218871872,0.517381702864085,0.644891960956268,0.3055930665092621,0.42185414574031777,0.19250079335510292,0.5234591138371115,0.378292488724518,0
0.3244502257658057,0.28551621998792615,0.7119570453079435,0.6490927500933655,0.5820408474749943,0.7744156136016469,0.5710453070354596,0.5721416611748995,0.6409695973337788,0
0.6655472084421239,0.8099014630253849,0.17162910461378775,0.7148591298884892,0.6915310983192084,0.3259990815968686,0.48491666175105363,0.7165535010024933,0.6022006153838859,0
0.6199297962074266,0.5148050052605683,0.4535118276674957,0.6313213197449264,0.7233212563178921,0.2917090108261965,0.5092915432067746,0.4520918948407031,0.4410383759074226,0
0.5481339229139175,0.6396332601364335,0.17628870803147154,0.3927944073768848,0.3901810640406898,0.7032612210236716,0.5458834447911108,0.3179536558431674,0.7141782254998088,0
0.6763216908133861,0.6745945961598383,0.5332687572643298,0.1952084579469309,0.5182388180700688,0.6097778491813949,0.6602780384453127,0.48418349370008595,0.4369064260497485,0
0.6935697919774995,0.6957338370341847,0.6097571436770802,0.5686204738588603,0.5787439713545423,0.4136407886118913,0.400608373198708,0.66300686057739,0.6469298692256685,0
0.3982976198061571,0.3830624876959539,0.48720862560837314,0.4938677219877206,0.5107992039705934,0.1906183330360473,0.6741708191739095,0.2722929897096278,0.4691618735439366,0
0.3509251463971583,0.43295201292240443,0.41931665770780346,0.672083668913588,0.4766232091512744,0.5002303452644258,0.4394457967926932,0.3335362859909647,0.44078000208454077,0
0.42352497345393125,0.37394011202261457,0.5962988660394197,0.4240531477136444,0.41796144564117477,0.673076648547989,0.8919598465633483,0.4271671514193473,0.29572229546237383,0
0.37654905852377085,0.5262560647693144,0.20306760808567623,0.785081566775143,0.46085780571931756,0.551811405123581,0.3899801481041485,0.5892672035089117,0.7224156320665853,0
0.5617837302932829,0.44588880247076224,0.7128046244492007,0.3204324508013327,0.50303713837897,0.5206652518740271,0.547837155246727,0.2300531576123736,0.6818565394210997,0
0.354087718000356,0.4700700244054723,0.3244643015200664,0.5976445807983062,0.36637472812723987,0.5059601966363766,0.5363923065236877,0.2480071236380925,0.7605057643005395,0
0.6974854134898543,0.6097673282563184,0.8672587673585067,0.43349371156350314,0.3865947547285757,0.4014091166210031,0.585980740407325,0.3927251966898126,0.17051265785617475,0
0.1902427453965734,0.020544326324180056,0.511168064440136,0.6471434356275352,0.6846767980669538,0.13072542194524106,0.42556531748052384,0.5027300191381269,0.3684644611801505,0
0.8393042908315623,0.7758995474299231,0.44999208464463036,0.4894848422049173,0.694982459416436,0.8120426702815561,0.5685026201026134,0.3767257170129507,0.6570132305740042,0
0.485556867451009,0.5600230112960103,0.226079741004014,0.5806228030521234,0.4556489618842797,0.7090003929634366,0.60159791663319,0.5226400422399745,0.2650168380053923,0
0.5400999810691867,0.44954482992341366,0.5401490545661147,0.463441877645161,0.46464361128622256,0.6625746328237551,0.4435843856990419,0.4951537921850442,0.4898701930424217,0
0.5953049772662644,0.5984371817580719,0.5374166330058654,0.6001894584603367,0.646440218053317,0.5821212343572133,0.5616214850597495,0.5444948884994757,0.6001448187309045,0
0.6814098030227764,0.7741845490233237,0.2369055052850706,0.6625613811047373,0.4216135556481135,0.4979965065701585,0.14473958970776632,0.2995318277738683,0.3075465016565079,0
0.4825504420091169,0.4196334002833884,0.2945030294380561,0.4661722180327905,0.5009184962759704,0.6809697262548472,0.6248722960961282,0.6809569906437286,0.7328942869147097,0
0.3606649274410424,0.46063827182944217,0.2807650479843611,0.7284395994106514,0.4525714472802403,0.6615789597050857,0.3895315759254596,0.35626423652405803,0.7197615064040394,0
0.41451433182203834,0.5674459844967942,0.214830912486911,0.8329477292503316,0.4376145679440827,0.5876298840357744,0.7698905860681146,0.4052871519119521,0.514440308802556,0
0.28145751863023327,0.2036258347382367,0.43700300170483136,0.50155400509274,0.5115371167173989,0.18712568348375713,0.49579038374901657,0.2624229958301297,0.6796878500021677,0
0.6855404255694482,0.673504340321705,0.5008226966183198,0.4411807071422197,0.27571451732284363,0.2848079233125694,0.6902075672506869,0.6351634392871885,0.49250761316159636,0
0.439757023415084,0.21730161983265966,0.5030989518487089,0.5793455194073983,0.7590812406895345,0.4262432130526778,0.25930191496268556,0.37026772340180814,0.42550592113982083,0
0.31684986686795225,0.4592689030580645,0.2704016898903051,0.6789801463312711,0.3945978414485993,0.4390750005844398,0.7342326027671149,0.5106409202150355,0.4455186208505785,0
0.5660674795402441,0.6933909067537465,0.2772298596885696,0.8002690567553831,0.5554033932957605,0.31407710371407765,0.40948611361117504,0.694047488445576,0.7697464516236427,0
0.7350080976759275,0.5063946744051238,0.4468256513637348,0.25315187892708413,0.4802507536872424,0.34342615689424827,0.35948079264762767,0.2576383021071424,0.2647936427003046,0
0.5845587076923432,0.5942979546579047,0.27976543808050053,0.44162001469155904,0.7274901552479226,0.35147799547761444,0.4888351719654043,0.5426588263042366,0.7531662416592629,0
0.42005319438894995,0.4121028584883162,0.3954333272190918,0.5416051670515147,0.49459498238468314,0.4372415230640361,0.6652401780904046,0.4735349996642474,0.641478871170163,0
0.3290702504210703,0.3336704698900838,0.3789764196117429,0.8038649514298603,0.6978382130217377,0.393096250202556,0.3080928884265727,0.46440061861536375,0.9698378458523408,0
0.09100983165046551,0.08613200954837459,0.43578240537973073,0.5783833936074932,0.36433300941445274,0.5652748816471864,0.6405878908408238,0.6787616778214675,0.5741505002781299,0
0.5464830441256742,0.6109430233971397,0.25656052412733427,0.7706808195175119,0.7013452150374347,0.34415607254172714,0.5457800053123418,0.6635371047323241,0.4649517443923613,0
0.5949569601290771,0.48070435079867224,0.44434214025292434,0.653128871301736,0.692176291325528,0.3846668222955305,0.3342650004674105,0.06114381214849679,0.532143739855827,0
0.562201290415139,0.4727706934584317,0.3772641843631144,0.7127662101975851,0.5631054914652883,0.14356940285555456,0.5878480399048228,0.6991763854080523,0.5816118184038817,0
0.24606352019732367,0.23865264648047285,0.4214397092698311,0.388308289018457,0.36657686729582295,0.7018619377472877,0.5789545518842082,0.8630266344658892,0.6078311223481434,0
0.34575862100017024,0.3018305732484745,0.6699608003183691,0.6643498345032193,0.5037795428585434,0.6487540132610196,0.6294094133563384,0.5383155814986814,0.788265635508183,0
0.349516622163636,0.28935788348220093,0.42656179615505996,0.4250920151046509,0.5276833462170851,0.5915871722617909,0.8033410127324851,0.44673807278935945,0.20772233029004714,0
0.7404193089971167,0.424666328107711,0.9356907143003499,0.02889090913092919,0.5165123277146415,0.5753976727371738,0.46288972654905886,0.21497647287807287,0.62928067626505,0
0.9031946765847201,0.8003403837235854,0.5511895840324312,0.1935611306875324,0.3374893716463825,0.4124247652670277,0.5558853384396271,0.5529292656085713,0.4412820043700672,0
0.5552638850744418,0.6807165958815966,0.359138444406687,0.6353827878846727,0.5792839176425075,0.28842079834682216,0.42900366321664835,0.4275881019042903,0.2511854239437543,0
0.21442007851208192,0.2067674297689026,0.614166288168511,0.555113222022013,0.31924891547162565,0.7095346104898558,0.6084879421522561,0.24096421760912015,0.234712292450083,0
0.010605590379468616,0.018956099537090727,0.3015953917302688,0.4623162041016287,0.4741864219461554,0.13265271658622516,0.7275641055056326,0.36515880663318145,0.33466661307376855,0
0.548078847291901,0.7089657798373644,0.6385992372721234,0.6995929798595157,0.34959214896055846,0.5228162279984347,0.36200254611942284,0.6440826354639416,0.4585750689374843,0
0.7894106259954617,0.8767163817849837,0.5998293095358955,0.3270695475182637,0.21661079807601977,0.5902019143969065,0.3873454119354428,0.7772704967837543,0.4444412854345289,0
0.20054130476365215,0.3301732980910174,0.15131247352761118,0.7344222098401629,0.424153281932754,0.19497518620140536,0.14430398847409456,0.4687700943099657,0.5381890985962501,0
0.7098790459434737,0.6355045465450556,0.32659383437418577,0.37732269024735166,0.6563722753750022,0.4773609949913315,0.1942458096662952,0.5740567942572882,0.7778223496499377,0
0.6498729288233115,0.7079036751713857,0.2904626974949857,0.35757752039210683,0.5021287240376969,0.8956088254061103,0.5275469129547874,0.9350231235564108,0.43116583442136835,0
0.2247506340233995,0.22610802245401473,0.20839856964423706,0.590218944697208,0.5779204298772461,0.6547824743231523,0.33548629713357137,0.4387380993372688,0.4824509577936972,0
0.32314175777942655,0.18341112609481042,0.42748371184934175,0.4060868259370745,0.41774114770767673,0.5949537413715723,0.36447764600640314,0.44924914519069103,0.6004416294327197,0
0.7300791803197682,0.9649447614893536,0.26657120405787715,0.9284064910019585,0.6282453364085968,0.5231455843661881,0.5891249316768007,0.5183082460377073,0.8821294653818378,0
0.6255590168306517,0.7579858305149217,0.4082474632532496,0.6504647106348381,0.3769412041624631,0.43191196673662646,0.4503084895325084,0.6931891837233817,0.6284757485144827,0
0.7253830653579504,0.4668128109856677,0.4838035308249573,0.1985772478971432,0.7577679516621355,0.51872787530917,0.35904760685124615,0.37899634370333907,0.46498061788429534,0
0.24928292630134644,0.4683333193096546,0.39290994633932413,0.7501937211820151,0.3855016924606178,0.4691295700435866,0.3834194461427559,0.7653679009106809,0.7560330186951773,0
0.3435674447343157,0.41936210989448586,0.2208651207769313,0.424498836073924,0.3838852833073535,0.5321907026186968,0.3343888874065099,0.631523376372994,0.4390324469820307,0
0.4753964102854602,0.5563370455269604,0.40604123166441114,0.44674480455834414,0.3280679646267347,0.6494852877476543,0.46816101997116494,0.5516475540073172,0.7313677401281948,0
0.6022083019239156,0.6794041054112747,0.3627903034081012,0.49487125495437534,0.401749072123285,0.4692411477581707,0.5565634360469673,0.10450569204139264,0.12579897442306692,0
0.29390634475939265,0.3116457351000283,0.5551199465289868,0.6054009955942272,0.502285825389634,0.44082020392851473,0.7147559304040217,0.5469268205036247,0.23158980668509246,0
0.5394655401236536,0.45365144690699843,0.7226837099402075,0.40038679395206395,0.5371750941409547,0.6409272808279584,0.39641762271172465,0.44427381080427547,0.18271068829820775,0
0.4162050835721093,0.3319659941577054,0.3554683831672926,0.2849489501408874,0.49156795230698375,0.24428654171654446,0.5750763415460077,0.35529465249104114,0.5727143418872493,0
0.7979928009559207,0.8267188977406075,0.38563751582960226,0.4408018712557284,0.5437803424080843,0.6743083442446335,0.8029875715288883,0.40991025009982385,0.0,0
0.47575182935393884,0.4963739168705359,0.2606795295248229,0.8150836931544225,0.6525315245897922,0.3596746901319353,0.5310837578868507,0.20372820412279363,0.6895810752818474,0
0.31614867389034834,0.4164626045769293,0.4531937212473176,0.8314102208905044,0.513425459971993,0.36977965143751346,0.31507437735881283,0.5058650911181078,0.591152454051798,0
0.38082547097249986,0.3900212891166589,0.5385643212989116,0.5027182893006958,0.44151413108153287,0.7191561715125762,0.4494967541316724,0.42636705767268956,0.0997343287025436,0
0.43089915035762755,0.4510154096000269,0.6797138399165099,0.36417593183038094,0.3265089406257016,0.6105258104881182,0.5339000754628493,0.27299391441178233,0.5935982446792536,0
0.690821975170538,0.5061800206116795,0.4461227802799362,0.41432389247055934,0.5505397737645581,0.7857308279771066,0.19841227874183937,0.6482757887698318,0.47711373293427345,0
0.5498163813215063,0.4979951912278777,0.3867325360460104,0.39568334380619774,0.6035866040303612,0.22024799795485356,0.4325643476335762,0.6679295215875649,0.33661032212851955,0
0.509856941511339,0.8344004487675672,0.09258633520596347,0.6363517681932448,0.305198328849534,0.14818910534094842,0.7285146818789316,0.5253117857562624,0.6042508332654299,0
0.5629085110609167,0.6182013415064482,0.3766287403880271,0.5358221297168282,0.5098095665520866,0.6254759900244129,0.5090096442372875,0.49666088872413383,0.5763582118966939,0
0.21744536690750493,0.1171457061791507,0.5122838959345075,0.3009352271439833,0.6216971791155619,0.8113316625766716,0.3382048758691311,0.4347798878128359,0.4182152617877205,0
0.6739713808314826,0.8251795135848697,0.6204007696977915,0.4957836870216023,0.5454007827399596,0.5141294809645202,0.7418256572566331,0.34695488657745177,0.9098096576984012,0
0.6184852472777767,0.6031773822926262,0.37104490375260024,0.1978607650409153,0.3020291357224635,0.6132979005417996,0.48965560370611827,0.6849726163565543,0.4067388747844668,0
0.7192888963585752,0.5357729375161772,0.5684669224690717,0.08210334896948651,0.4677830222179272,0.577353662923286,0.6262971962989079,0.9473724912189132,0.46518046270742835,0
0.3791362181778668,0.5664627727934728,0.24854207534836353,0.7219375790209243,0.42150664299997626,0.7321716083673488,0.3477135117264361,0.2888111462269391,0.5922987425534502,0
0.5187496003603438,0.46594261694104827,0.32440007670072873,0.4270430196130045,0.4051043996070264,0.7172288254187423,0.4016491916283065,0.9931299732357055,0.2877192037117221,0
0.1823867904510402,0.2223178931740954,0.29707293747661384,0.5463056541965418,0.523903115478651,0.7151818969638435,0.4870675009428733,0.5316845477016872,0.7011319333880769,0
0.5116916005062496,0.43308689177028387,0.7039703485929344,0.4055300235801604,0.5083505818827802,0.39687611865602435,0.7652486617502774,0.6126521742089052,0.5843534575693169,0
0.6025432796184376,0.5204729842100606,0.4982936171238959,0.2659480140867945,0.5455084469039218,0.8690360369810478,0.38149895167352516,0.6050471198480578,0.28692377199556246,0
0.15282231484397724,0.24081544488655363,0.2939330806017119,0.6859592933560098,0.4431715026842366,0.412274861820162,0.12963365991287962,0.6358854858933162,0.17594973875033507,0
0.276154465827321,0.26995453021898697,0.2017567242788693,0.7704767530594724,0.6198423309527487,0.5831518948040351,0.3221242287097794,0.5155755860838414,0.3937122701773106,0
0.609120372821645,0.4105930740503423,0.564299082688705,0.06753433261759292,0.6387658942453661,0.25186452486911814,0.3735627365851365,0.49034367632224396,0.34047786680244313,0
0.3230130274884341,0.3416172647491152,0.36340504832798043,0.5189238400922216,0.76093551315107,0.48229975139183134,0.35564331780092157,0.7349843877064096,0.3784412877251407,1
0.421523631353184,0.35234600162677027,0.4352751464658616,0.5332202346674773,0.44354774308264233,0.4214686279887079,0.7302619375606352,0.26515177718402866,0.18959066131078775,1
0.476935812689365,0.5190423323480109,0.5859502120643721,0.5259721229926196,0.5991927438332008,0.4344843120749135,0.9382490767562632,0.3261593891189494,0.46130678234167083,1
0.5644356091808395,0.4708659890990693,0.8605063832285657,0.4345395573632916,0.29348636876889805,0.5493191155115172,0.4256705176912778,0.4112044815392726,0.5403805711524792,1
0.7593266237848362,0.6936538379524664,0.767692443551101,0.3025920646392462,0.007103930514564631,0.4879929754834845,0.6104958265436946,0.8094659072892509,0.435432512921215,1
0.3606427332490272,0.2145830335967018,0.271499597092722,0.5961711060014753,0.5404560419520613,0.5976751320609849,0.576304167867615,0.3984418614525137,0.456106760100171,1
0.39275806599036805,0.4916064112852904,0.4288211586798515,0.7502995018318781,0.5445060492671946,0.49650537122082994,0.6602091412208053,0.7209462066917657,0.5518583296223356,1
0.7624848375076757,0.8156631588856642,0.6234626087653983,0.3122935152144818,0.38066322864885616,0.5162264029094153,0.881941128223326,0.239327613978973,0.4411562892214901,1
0.5142507943199985,0.586947131659913,0.3876633255245956,0.5216402280609033,0.34635405743222003,0.22757968668478548,0.42680541744270883,0.4754244072570419,0.25921561873348825,1
0.5972071861869716,0.6587505488183072,0.9059666177049533,0.3750520582979739,0.3496590228650533,0.8030292569151198,0.35215580947105757,0.32644742928339454,0.648141701632047,1
0.18377326979259692,0.10389040267615414,0.5007616583746716,0.6338300296607695,0.835129963031921,0.3782959585800571,0.3243866915345216,0.5320480675623466,0.2882616347134812,1
0.3907242805621388,0.2657839591180363,0.4784772519685228,0.6175761573466076,0.2060121951007602,0.683389159278762,0.31025934172513314,0.8959130685423473,0.25631373425817455,1
0.4953017070368695,0.684573979309879,0.3915599364059085,0.5145486324619012,0.7126992700615712,0.7220518729127418,0.4669388672337056,0.7529819668395275,0.7864431962844586,1
0.3432058796102522,0.2157882767191435,0.56615845668738,0.5936470047512067,0.40269424461078623,0.6487506192967016,0.5154326675443442,0.629943484854447,0.3714842213040833,1
0.4781597940620435,0.7307080475035028,0.5026391261385132,0.43589199986548155,0.6657814959318403,0.4675240464749423,0.6440554542611722,0.45575465453798575,0.5779845673683817,1
0.4694349669059652,0.5033619685036684,0.5009254827410556,0.25119201210867337,0.818978622614829,0.48980604737393524,0.5870893457914852,0.28383628637986974,0.6267799580116884,1
0.6977028049056265,0.8040586505952838,0.3143079628009869,0.5404846951548113,0.41522046156382364,0.6630184807360883,0.7175546469859183,0.39470874339981227,0.2532864843831216,1
0.6611791078998481,0.7898935241123449,0.2795956302722292,0.2463586033228821,0.6811462269958878,0.798685204894996,0.5477838218419409,0.446832531789893,0.44613212391264256,1
0.3207960888356742,0.26177109310055807,0.6082105485572208,0.47278697849864865,0.4773920365534836,0.25772153994262426,0.4570160185123098,0.14745763936212716,0.26941621490407797,1
0.44592942902550053,0.7202951380941687,0.588744195662379,0.8091536324632224,0.9067329729677236,0.536009021430238,0.5732422579423667,0.44172307341719824,0.37389312075575626,1
0.23241575639722822,0.2242462158850621,0.44655496906424563,0.7342361414391709,0.7761438044771817,0.4805985303514513,0.35659344687935246,0.5242938633103411,0.4744749242459591,1
0.356406765194337,0.4216499713463843,0.9141781693967632,0.4883588831554524,0.4920633186767779,0.8023417769144254,0.9256896707429805,0.41203440538893593,0.48148718464253204,1
0.24379474561684386,0.23188241700162437,0.5122011995598728,0.5791855118489759,0.9284953155997295,0.64027853766513,0.6893212978158366,0.5374722928455595,0.7105561322401571,1
0.41133068147282964,0.31419282742628235,0.3618926788618328,0.6217071297126233,0.3980289331073957,0.37898674630072954,0.9239805630724439,0.7909250063047633,0.3522018670323323,1
0.48627634728885727,0.49715380728577147,0.8781635781237503,0.6720266351169332,0.42200258462737955,0.6340060128118843,0.5183194035539131,0.21116260500047448,0.6236336172687784,1
0.41830411872122447,0.4307854698088756,0.38205793863225557,0.5248115903936339,0.4832787213892252,0.2767850432577784,0.34636353392385205,0.2803669383872411,0.4207388940003887,1
0.3805304983614267,0.27107004489390146,0.30601020035754795,0.5517271119965387,0.6589713962101319,0.5507179347559004,0.7454354378405517,0.47730055528286136,0.07179084716098788,1
0.4027354383352502,0.4584170197810883,0.3230499388780182,0.8289746932562038,0.8145147098720372,0.5476574510468587,0.6232343161421525,0.5953968027715494,0.6506371913518633,1
0.5602021134793336,0.5035599769638975,0.5945545962153005,0.5081691338377812,0.19376399982158926,0.38562084825878945,0.43012943271649634,0.5384396508595213,0.4624273539709137,1
0.5784349902539313,0.5525379557665873,0.3941996789187125,0.5028946431950049,0.37114495497977806,0.37466090208217906,0.6756902140187696,0.10731404737391594,0.4929072561830432,1
0.7669708431053567,0.9245192646581765,0.8592576866440875,0.5633125439495662,0.21811466186071124,0.5225869679494233,0.7207784732246382,0.5963041580958073,0.8551222595059355,1
0.6306346380091986,0.6778634570362111,0.14794973532404204,0.6268858050090816,0.9101648080918006,0.3533635678677042,0.38899458899526634,0.5810840019524643,0.5019679273061385,1
0.5348119983047271,0.19808280683093407,0.35213142665625013,0.4261564639526262,0.2231814056424523,0.36877019518343135,0.5197419485854022,0.45665463251202404,0.6646266493890096,1
0.6272875678015073,0.799775118108768,0.6822660774787974,0.5734429602485072,0.3768505494838589,0.24020049390504747,0.966554654451141,0.4442395202799813,0.3667609443106706,1
0.7869900141218902,0.7489930141300928,0.28274310343258996,0.32937122595823537,0.22449360481171202,0.2845374766834912,0.4004583205612402,0.37416029998158223,0.4022279229017366,1
0.5336779391721836,0.6256271767622724,0.42089873389988225,0.5676321861462349,0.6219160029265938,0.4060056981724013,0.48817444441671776,0.3470640606925267,0.41660749013251563,1
0.22403119431619295,0.2629015518262621,0.8642259027074267,0.656391004726327,0.7032368018514236,0.5465100270905996,0.6380991332321976,0.41607860921984985,0.32182669188232954,1
0.4966000658976946,0.6435446600087856,0.5795254682964105,0.3921023451851188,0.7961959573870938,0.6247260801560973,0.7914664757357983,0.2712126832507767,0.5844215736266992,1
0.6672288435172464,0.914354787743679,0.473070466653695,0.49280097413700713,0.5803299151813701,0.7477471272311802,0.6868535346670069,0.5708064008266008,0.5417007480530301,1
0.4505263510961458,0.45026806588435636,0.7343071005734729,0.4566944268990809,0.5011413386196348,0.2992601930432747,0.5188253081484709,0.5179126522410828,0.6386838022654581,1
0.7065399512035305,0.43586002389605477,0.30152725420067783,0.3931332050109553,0.11910919153251401,0.42377374845764176,0.38796310980251597,0.3451561455002277,0.28466419078938804,1
0.85684548279767,0.8650148182780188,0.27451444863779734,0.35561987603449674,0.2961562228416058,0.8303648717472375,0.3472044868871377,0.6690280589680154,0.2219218342904643,1
0.3164644717779468,0.5704515834310361,0.8245306452652139,0.5629309862628286,0.841524545357511,0.6870825362597596,0.4515893672054566,0.7236666135017544,0.4815370628804962,1
0.5309277818912834,0.3828070924945682,0.6123814288713303,0.36213179730045714,0.40762442593869136,0.4413337116893105,0.460058491602882,0.7446677793477625,0.4861451757628865,1
0.633794448625753,0.6142581896559477,0.605709228305408,0.4032705626260178,0.11489154127087625,0.6401623104681803,0.39198050268169515,0.48916280932212053,0.3446856237133725,1
0.4109843434280258,0.42979687374701814,0.5776111410881275,0.6347776671203079,0.44331903061915806,0.6416971219646768,0.2908066778291102,0.32636320496177856,0.6384515986005248,1
0.1785226694054576,0.3288520959023289,0.6762903875026679,0.4925432604619948,0.8820359718636313,0.40813727947993117,0.6516343951292185,0.5466992406805454,0.3125161992404231,1
0.5237069007445143,0.2865114344426741,0.31376112301047243,0.5277136390274693,0.4542674948107079,0.5320356002638906,0.24155858533910443,0.7774464462067693,0.614987555068382,1
0.14047435397415797,0.10824745896931283,0.6547027151319258,0.6324445267301221,0.5847112233747397,0.44533041863536227,0.3902057531059968,0.7050562841309722,0.4547049298923604,1
0.659507231585651,0.6252436012026726,0.5241427204694259,0.3351533281781523,0.49946737604031466,0.5527342774726717,0.1780628384932143,0.18824200660927667,0.3652018913647944,1
0.6117041889142804,0.6492784310055442,0.3185854769601688,0.6142955071448944,0.3391938667737189,0.3048145759485581,0.7285512627957588,0.5080868359959969,0.5283025375254015,1
0.22006128745396167,0.17725968794860933,0.32898366182993377,0.8410123885348124,0.783825950437042,0.5714306886747499,0.27843758656388723,0.33503017432859494,0.670730573309222,1
0.26839143320265685,0.21716839678322303,0.5519737759846303,0.39562435663018436,0.7661906639012347,0.235737700782803,0.39961869459248894,0.3272204260734299,0.4329033572044005,1
0.4987624421907423,0.33136688039963225,0.44772761793072713,0.25743308485721755,0.714424307337595,0.6900341133576814,0.5639200382140515,0.48005663652309943,0.718806717596133,1
0.23119851553868806,0.30970251084708017,0.43954080734857703,0.6135953362814821,0.944780335851426,0.3335848287045371,0.5634062731326921,0.5268896493025608,0.7607271878210503,1
0.5400323524111259,0.3732840889785688,0.41105284316983876,0.4991427351365194,0.2344655187378341,0.5018895292165767,0.5225604112443862,0.7276081210083474,0.7383314790127882,1
0.6586699847033067,0.5736612120729823,0.44636700327331413,0.3857389299877507,0.029775427721401522,0.7239653923891857,0.5021213646309728,0.6018577759594307,0.6306996771357424,1
0.48896191026990904,0.39901426484009883,0.34089121881918955,0.5007927780606494,0.46109269876132597,0.619311929628243,0.8345591913067506,0.4435602688340237,0.547679356473694,1
0.48216345413141337,0.3915105902597005,0.6857744407157863,0.42985418816827514,0.2658228319957071,0.42551745616059433,0.12351512731684246,0.4644040074088735,0.24431504170577192,1
0.6574273317835322,0.49221655964768174,0.6317466016265424,0.2779262938405478,0.24825248272355172,0.8584256588493854,0.7089885524609445,0.5525741213339895,0.6769230319594193,1
0.5424377227699186,0.7406584872293752,0.701266065541998,0.5331010195383682,0.2592089511761363,0.5037134023252765,0.9397366170222069,0.747809791238793,0.6357675711633766,1
0.8514286893974155,0.961341397452125,0.22271748838733385,0.6067871713151293,0.32924676317558693,0.8391413042146593,0.3978366614615544,0.32402066363756893,0.36795639359959,1
0.7288381088637208,0.5546916866508302,0.2887394305737201,0.4453422579220854,0.16295912812227753,0.4383588350078845,0.7559405905127285,0.5193057602074231,0.5126623001865217,1
0.4041057449624186,0.7535792977006053,0.5834962838212221,0.7821517558641196,0.47545149521178504,0.5970085887058686,0.6116519994899964,0.5304394674815057,0.18791512615458766,1
0.41325107657291577,0.6928639703416084,0.35761296787512487,0.554844408038811,0.8733036561283136,0.3413206384085075,0.2515285917162768,0.690124368998002,0.7272672808248815,1
0.35842245278711304,0.4701146650987617,0.4267653743586187,0.7343994329047555,0.8198552741492756,0.571370642913626,0.24723758791363576,0.3334818325904167,0.40851533765570525,1
0.5406552473192356,0.5088621879305697,0.7884482974771928,0.26407758948808846,0.3404134068970061,0.5467335788599065,0.3880147744784653,0.45793536155561804,0.567280562192059,1
0.7020692786243412,0.6987390768849424,0.662854715169504,0.3470155198230949,0.1325173125789442,0.7012916738728923,0.5897496556271052,0.34279605324711065,0.6214315032775638,1
0.644725406377922,0.6483630735608085,0.5336432805119248,0.5316585063616956,0.62881451883035,0.5770115522395867,0.4430939143715426,0.9356974423561912,0.7305957780040173,1
0.7893990211431059,0.9890771405958144,0.8699347769681772,0.6153822821520638,0.06973895470520665,0.6719562166521235,0.5907267165362378,0.4529582660146749,0.39823231080033955,1
0.4993196726466017,0.5407217484971567,0.2714072355818923,0.4635549304429053,0.7268098668448085,0.5190627378731183,0.5075515259142735,0.5224806294796471,0.47090229996894734,1
0.6039748315606024,0.8328221200812742,0.2949102154709462,0.652784642610239,0.7860866631436788,0.5367039336505147,0.30872452984453275,0.6213835557901092,0.5695290364148017,1
0.45060056930878944,0.5357357948833632,0.31106555947160447,0.7049569874826948,0.5353926097610603,0.19840644166054422,0.5892363265382581,0.4769863151763839,0.48633048239426024,1
0.465772540548717,0.6251208511137533,0.7181334575373081,0.7010297907403763,0.5480110813843929,0.7200989569655445,0.8352563314200405,0.4318140507194578,0.5883440389551706,1
0.575502189631844,0.6818475592366737,0.32690194948222107,0.6073628873243312,0.6109176443056133,0.30926960714432544,0.5350676842920372,0.377407025565116,0.2533769313832077,1
0.37804834019926004,0.4091200860658112,0.6992814336483011,0.5620319465736144,0.4284447713860517,0.6582892176885641,0.3321223411144262,0.6759665901041547,0.052055056023961835,1
0.45254725409165797,0.40896540460909175,0.37237556378452663,0.4920869190022336,0.6071050952664421,0.5168108597881342,0.6266693213206886,0.5363407887792221,0.49799771146595234,1
0.4227506886641499,0.3105875469172607,0.2683078081639974,0.5712045803899177,0.7050796704299451,0.3351511399398099,0.8248621374792893,0.504864815846406,0.24503249889494194,1
0.24169423565753717,0.12146238082811885,0.3320421147729325,0.5574505839492387,0.86673596678465,0.5616656549938034,0.49277229651098997,0.5665743867249706,0.6185360382038309,1
0.6466028736777059,0.49014609884391225,0.6111682355539493,0.28225190294243035,0.010326559946177967,0.7275428690437822,0.3900956240296981,0.543134429757113,0.4275540460108835,1
0.5566842921432212,0.6015922700599097,0.36900984776586526,0.28526034511652476,0.6585511062684177,0.34882152070263744,0.035106683460912044,0.268791299403012,0.7406683256196074,1
0.5478002720026017,0.9008370508803379,0.5957330482851974,0.6193042059819615,0.6321748738023568,0.3877922161754714,0.6960607255065561,0.913202017213049,0.28635691910972944,1
0.3082399648020409,0.524960880917022,0.466948161351258,0.8407131470239948,0.773669225669638,0.5227602231887366,0.5328799333816793,0.5099763786148014,0.447161782119762,1
0.5450297052874479,0.5152016676846751,0.3803186481018238,0.43277924556871944,0.761530910848891,0.34541367738470524,0.6453034675987476,0.6124533390197345,0.507613724900709,1
0.45810492768256267,0.32258572242944644,0.3802254892789159,0.4060270050082719,0.48588643027764716,0.45088254400931294,0.2999500428800001,0.3329518325535308,0.5477956676096429,1
0.3092768646883245,0.4105809046567763,0.6112381390191756,0.8101997563444002,0.7158621327802119,0.8760592515556713,0.341558771923696,0.6476351329544823,0.6117254645592062,1
0.7546203976252751,0.9225571171255138,0.3396906691301484,0.41648927293484383,0.6028254892956176,0.7985207565529274,0.9329167069767627,0.4434856748133942,0.49969153090603646,1
0.7712449422615855,0.9430107973483527,0.21673684094235401,0.3580845210258562,0.5891128464092961,0.7566501111871987,0.30820897393799807,0.49366532292857496,0.6883717998884591,1
0.5126756204745758,0.5821611102805974,0.36950368154547497,0.541097101138109,0.4369908399158767,0.45038105584353194,0.7584098839714832,0.8059857864129234,0.4833545935691037,1
0.5186078648404283,0.5151384566179977,0.28968366683879976,0.32653094499955077,0.5849071748927465,0.5211208575639028,0.7668938494714261,0.3384157687401156,0.07991052877173492,0
0.49366323616806657,0.31055802951957645,0.41283364403199674,0.4336969281007883,0.5948161943173201,0.2935098477657935,0.39625363287151494,0.29004960008766223,0.3937239243799103,0
0.15064726848193055,0.6819854484539023,0.6054963838474168,0.46891732161880234,0.4631007678276986,0.5427187674685418,0.6568512416696037,0.23035202005189692,0.5237710565327438,0
0.1390890220432286,0.5296191901081995,0.28876554384628533,0.4745366091416442,0.6981634028883391,0.4458484723935983,0.9768070098993161,0.6193107312016394,0.6190767159589864,0
0.1278130883947353,0.8597903832490866,0.9091949694481265,0.5785137157591719,0.17250402355787062,0.5120477209660899,0.7682223118512818,0.4435524116759111,0.3075156833348642,0
0.2838037225035298,0.4812551496561592,0.7099858768277817,0.6371179773533102,0.4693472184766246,0.5097520558916256,0.3534618921771084,0.37649698133687304,0.46688566203025306,0
0.5880881212114837,0.358071429880551,0.6924275363446419,0.6364114805076855,0.193607573883819,0.5231425785817182,0.2148707222560034,0.3262813052142094,0.48112137173999775,0
0.6681005365881965,0.5140978137439075,0.645115097836203,0.538247418149655,0.35909891676638306,0.5047610357323773,0.5191875068631305,0.7034711098749654,0.12715533793415537,0
0.4334840390873954,0.4500741999864603,0.44575161790539425,0.427371026426748,0.6700105993446195,0.3688361782807406,0.5245113224438253,0.9106322911425867,0.4962843445798408,0
0.4880635097351974,0.6989516354912654,0.3063448381200967,0.36232704815444916,0.2498012950276099,0.4470777810009564,0.6940335172669913,0.5053855700626784,0.5552818220044963,0
0.32386618078361157,0.727791268125873,0.3646865911680828,0.38983123059242464,0.3106370864145697,0.4083411525933624,0.7540732342887592,0.6253447346558083,0.7464891580473698,0
0.8054593639126105,0.6771700641480459,0.5753130323448316,0.532565891524859,0.34622458014044855,0.6701308250730942,0.6412765888927393,0.41361981561553823,0.6490989776065402,0
0.6019816656564073,0.653972081851732,0.30274696754887465,0.4038476454966526,0.2793409555034365,0.5743384846408458,0.4058611513335121,0.5053651355968574,0.6530431344558341,0
0.49266954816416536,0.4121247087140562,0.715444304673668,0.5352812827534686,0.7082964249277723,0.27537756925567675,0.4987618888295328,0.5438703188560804,0.57055358573575,0
0.4434158774724613,0.8049862201523033,0.5318582439914196,0.45535694561332624,0.21223983795043827,0.28673755494305697,0.21095403633742285,0.2774127399418445,0.5565829223863613,0
0.15207772758186788,0.470861100986752,0.6828476362529668,0.5369420163702431,0.4696835298057799,0.7586665469202356,0.3202125859046259,0.573423342376303,0.435969170324114,0
0.5504011380499589,0.794612861153777,0.0,0.17930740876754214,0.5119507867257188,0.3536831175803302,0.841281545917767,0.743735494059589,0.3795211748509536,0
0.6222783688538319,0.30339567913189563,0.38035116556581106,0.48334508988237246,0.7386452224762081,0.3597858020775803,0.7418492133101428,0.6141766564261723,0.34041520226300653,0
0.8193846240546736,0.4894924174387899,0.44269553052304045,0.5422284126374884,0.3417283592397592,0.40107808088255337,0.4992203117346227,0.6409135086300948,0.5866425049212822,0
0.25914336287338713,0.00824669304229527,0.7572801048219845,0.5554461214890346,0.8550003287770098,0.27406950430077687,0.6461887401264845,0.5811644488440809,0.5276483680828647,0
0.34823867945053777,0.7099813972609473,0.6116285735557049,0.42930133613543364,0.22808234111093156,0.8755108601046747,0.5302091665810333,0.5155569856102729,0.4206030087790719,0
0.35353653200027146,0.4195139636119298,0.780464414458658,0.533839396049497,0.5489266252610999,0.17724894680374123,0.5200646046895779,0.4562694281049852,0.5932285584644472,0
0.36289772818037047,0.6662662378623827,0.5439640503940262,0.38456379743139746,0.3670440893544447,0.1837968678479332,0.5460084054188955,0.19222201507032655,0.44054920945345477,0
0.3813703564561751,0.5929724977503213,0.8822041815717797,0.6496510156069893,0.5728852808023228,0.41686462691667425,0.41670207264258813,0.7238131549376479,0.4873657351345767,0
0.48350233901985484,0.5814624986668012,0.34064502901980326,0.4685103620018054,0.30752134535840225,0.4328759119364146,0.5732712784226283,0.5032457999199076,0.4312032340032569,0
0.7398140358590196,0.39740775905860637,0.5806604857999991,0.711895752376677,0.46930007861712325,0.3926195938539548,0.6831296012473602,0.29019531182401564,0.6788142676224818,0
0.43620760116576685,0.28872065340459024,0.1786513915595232,0.437724229230594,0.8327001607224535,0.8857782869930092,0.6987861578584091,0.36716081202151063,0.6474999050640354,0
0.6040546990468981,0.5405204984145703,0.24482256241856667,0.3877528374576977,0.794511346151805,0.3029629101351656,0.607402004377095,0.28379553601768676,0.5656118721228209,0
0.4685386354173586,0.49628746969342935,0.5649684711459579,0.5084124856099124,0.3981851908956522,0.5177768739027617,0.3727755465867604,0.617883067879351,0.8539177567204369,0
0.6626884829005532,0.5929614509675398,0.24617074185839274,0.40533689546121837,0.6308777821082211,0.7173565439255226,0.5409308188517568,0.46095235798629364,0.40557346138752626,0
0.5647321411878024,0.6808864878007935,0.17614576943052548,0.3952123319285432,0.3828282433102,0.3941284524594822,0.6460737924432385,0.4758340720734405,0.42074403222304024,0
0.8529699923663784,0.008690934047114995,0.867567826985803,0.7783911251923391,0.7240539882793996,0.6890658823672975,0.5335481657061367,0.41619602237294695,0.27355590905702376,0
0.9080224755749439,0.5936841874908032,0.30021831735236193,0.4229156185981392,0.3242802199512302,0.5915748227442981,0.6714543970111669,0.5752359255610863,0.36351875629983604,0
0.4524131730832068,0.555548578299008,0.41783218070748235,0.44944853061266615,0.6431553758451093,0.7856847918476654,0.14077901770400425,0.5072131067059347,0.47405803992865664,0
0.497206911952473,0.6465794248834866,0.5927318161404505,0.5274708741282056,0.4998671653319723,0.39470397492027554,0.43858060158711176,0.8837929467652338,0.40779190262832377,0
0.41824340912157915,0.6260264546322568,0.4286515996648682,0.344731684494543,0.25774760102966326,0.3471913013245312,0.5343896605365162,0.20919777853212193,0.6052801317176951,0
0.37895464377770877,0.28164344489953974,0.5243727722442079,0.5714361102931523,0.6885106813672467,0.41327016990710974,0.45996140008169695,0.6051629526963703,0.5462839643092546,0
0.10477547834626569,0.34970871939607834,0.5347778645512705,0.610276840583214,0.7758230224327702,0.5392878932210803,0.8144118604047259,0.4237364629563913,0.5272590779563516,0
0.1452287914366918,0.7068566067288204,0.5814768534796636,0.4230075005086598,0.25145798768066024,0.6812157862719278,0.5993111366037841,0.5039142578524982,0.4417466657457986,0
0.5354559351905913,0.6753584487249537,0.5243286845306175,0.5531529919211071,0.24296407386941593,0.6336266826720411,0.17000202397274428,0.5307904733809933,0.3699958868012422,0
0.9985055269347857,0.37949379852493026,0.5725414466722418,0.5665341580673272,0.39805419774422457,0.4026894171631376,0.6748604220670815,0.22363479333055747,0.4185025404354055,0
0.34288312228894297,0.4920581602433943,0.9652196995512411,0.5297222286277179,0.25156415824240747,0.27546397117607035,0.5380219546403673,0.32333570126174316,0.6996797355690485,0
0.40840762312266415,0.43834429425312005,0.7292989765146923,0.6284350035507119,0.40674837286523946,0.5804194201568624,0.49267802555685875,0.4288464605239384,0.7195485995413767,0
0.5039526635804448,0.37911361384652603,0.2889193909500072,0.5225793595587047,0.6620460041718534,0.42606598602070517,0.6119007779509227,0.3532805238496378,0.6206853579326679,0
0.21935430813184575,0.43610353542702684,0.7328293108548953,0.5458433927130908,0.30846288256508425,0.42375957022648447,0.2888300851498113,0.7214610016408448,0.47796662123226047,0
0.18207039122046717,0.3037684242569101,0.5102070071763494,0.60807591161982,0.5921902169356559,0.2709219406474471,0.45434941728266715,0.6527844196550703,0.5345386748352474,0
0.7712525774896525,0.5821375121969283,0.255410734472894,0.4317964486878347,0.46531585845535495,0.6831444830917085,0.32512876675752417,0.51419088466925,0.2853252693582561,0
0.13986531761421025,0.48864281870389464,0.49321273105525126,0.49784380168566483,0.7125976848903246,0.3419633062899371,0.5274239700273904,0.4493881111043299,0.3901737211098334,0
0.3122993437565898,0.4554257721442079,0.5823669592545296,0.7149062055086842,0.6357426322643707,0.5154631027515713,0.6012142682604167,0.7634258691490293,0.4888711692729956,0
0.6934215730403992,0.63057986059387,0.06975050504087371,0.3148306332637067,0.5193188861385605,0.9181083111067381,0.531235709049659,0.6912713350509931,0.18447267995127492,0
0.7419741256661815,0.48383913200696854,0.29321309185075767,0.30178481988673916,0.4510408953991854,0.25665319378799767,0.655565413652988,0.4424798582314151,0.5918971283659964,0
0.813682560943531,0.6653990425990882,0.3187182529617677,0.4566191019369113,0.3084071018114303,0.5134533167514751,0.20071460990066467,0.518641153633493,0.34439523702573377,0
0.37279959145779334,0.13915086569444085,0.45457446216380504,0.459157120103248,0.6152579927042269,0.6357148873515951,0.5851509136266405,0.3466642817367002,0.9234916292870975,0
0.1952950999470357,0.33655431086052423,0.9278223389421819,0.7013714809433234,0.6384333891240711,0.3914887412374942,0.6072586332602711,0.4329563617159085,0.4439876906835386,0
0.3323237394608219,0.4682398921492344,0.8025535091266089,0.617996051255831,0.717056256206242,0.23589177763416014,0.3981811875245671,0.42794319072674,0.4843551958158722,0
0.14604907470261533,0.4494452734937727,0.49647684531639563,0.47771398745682353,0.45938637138299876,0.23301975361135338,0.6073040878888459,0.6913309500145188,0.5933213131706787,0
0.47405391141806635,0.37383844081214745,0.28237244386187715,0.33031349429835,0.7892623788999473,0.5448206939057672,0.5817142598243721,0.9456994765307905,0.22129270476878418,0
0.533324485454883,0.3251419843184917,0.38471647532190706,0.7872528804554925,0.7906742765443322,0.3804917981069003,0.5500684298786396,0.670177540990741,0.43263429733024006,0
0.3656647475294491,0.3987536827106467,0.7426699178423464,0.6205086547732791,0.6494439015011433,0.424359516599354,0.8441223035402666,0.3097777939320775,0.3837630053120522,0
0.2862521696314575,0.8411843679869678,0.35308464819523033,0.4092314567652752,0.228653869014338,0.2953979671595045,0.5739847662461706,0.2380465186559374,0.44294032307254017,0
0.11189236779669652,0.8725580978887404,0.6381776782905476,0.526151965114354,0.2937214878625774,0.5339451051753514,0.21406341702400955,0.5590297667546181,0.6042367260952205,0
0.5892307847300944,0.49517930880918354,0.307194108002275,0.4749151862154052,0.5578757521984202,0.4914061271050272,0.6390115630094779,0.7706125739259674,0.24037002032099733,0
0.3655087568370399,0.656932883481249,0.408691629277389,0.43934703690912874,0.4191030269006001,0.5365150097274327,0.7687687047932121,0.3511645933593756,0.46941733588535073,0
0.7347731918748933,0.4615833554813255,0.2567959552589233,0.44048864121576914,0.7257930873771027,0.4099292409929204,0.6098008288610274,0.7277587609694584,0.5392473698572247,0
0.5689677007862937,0.33163727783538094,0.517309537025308,0.5568567339165551,0.47640844794407416,0.43459853156419365,0.5997125563083319,0.5050028011369958,0.5128176928691441,0
0.08821209432288757,0.6389940128373933,0.5236485912059787,0.4167078885665044,0.5908078550995651,0.4869262525172913,0.7765093419800267,0.4127926617680678,0.6877108582929393,0
0.07495982812682966,0.7122780478899984,0.37381957490329104,0.4827100273107192,0.4515027947195698,0.5661473902560457,0.27254417674040493,0.27396522420785624,0.7291175326426169,0
0.3420235228177063,0.5324363575837008,0.3385169409262442,0.46544015864638594,0.47751362357716237,0.17623009321329364,0.8069186895740718,0.37157147897193854,0.6061942231307247,0
0.4486050237076725,0.5132744360475305,0.35167866163600986,0.5485812081257387,0.5403926444549909,0.5240397691008803,0.5356928652105547,0.17697631987370238,0.6154741487581027,0
0.17390530383999203,0.4820679979900182,0.6191418970595158,0.47122111378152426,0.4847136209951026,0.7859817076793262,0.9652463166289562,0.6757012853807767,0.7345094360034637,0
0.31398887851202495,0.5442368472541308,0.6694810035385824,0.5100531871529324,0.3896962515737722,0.3657836846990546,0.4892701404604145,0.49482711135854623,0.4702126253867427,0
0.9260216352789425,0.3081156017503099,0.34972666467131364,0.4067098893961504,0.6323814328802402,0.3869493415006212,0.47015894526385094,0.3323013651951663,0.1901757972993786,0
0.4876681692686302,0.5685001873032126,0.5422458184101686,0.5111506244551788,0.4048805868419505,0.6108501473516447,0.619731117793709,0.6025276451673115,0.7184139186516829,0
0.31377556489201647,0.3452893960591138,0.5231480220187562,0.6109959989460633,0.6483722894163285,0.5554471306106438,0.6184306498085161,0.8377091578342927,0.516608279081794,0
0.6245242301883713,0.4799954061501132,0.3223327791989928,0.5107584520796574,0.4945085909377666,0.5920884668234003,0.30272744846318994,0.5101118710724188,0.5201212411270569,0
0.8301805641299056,0.4941004400592927,0.24882845916370303,0.3904058838503673,0.6577224647141765,0.2709476333209122,0.42636724741269055,0.15942474718590013,0.6635506595039263,0
0.48378321005646213,0.23223544063266147,0.468795269491295,0.6005453427147078,0.7037265471293789,0.5513936399044179,0.5152420331073048,0.558785700425395,0.41411612915641066,0
0.5991009793747278,0.1158519260285115,0.5901812294959464,0.5533140323732203,0.9464264210334203,0.5983209953268811,0.5096920667159636,0.3256448135665286,0.4171447056976773,0
0.4005017574888856,0.2269580158040473,0.541268924977491,0.6363306176325932,0.662122904102209,0.20718353576408174,0.39451010167105866,0.7933285345145032,0.30250522650557116,0
0.7991672691120253,0.5307926161127102,0.3029150215216194,0.5252850972178341,0.4444100259646489,0.6893197173629791,0.3906198293676949,0.2355392065039375,0.4137962102501671,0
0.9268464531385986,0.2879608458572719,0.484968734416375,0.5968542611098097,0.6084639875021137,0.7974545630806661,0.48550644051676445,0.3809240372213828,0.7576311980203219,0
0.27580841852100135,0.8054942188941787,0.618359838414533,0.5001528928943777,0.044544487074495265,0.5820463979286888,0.4480313479447402,0.37444955623380954,0.3415799506635924,0
0.5761477642240913,0.39128086512868404,0.6764341795580094,0.47707400139616235,0.4798677593990735,0.3410949318892892,0.445129943664138,0.49885172798290744,0.4335450473776307,0
0.5157587005977481,0.5368051111706871,0.5151525900953788,0.36514908138674446,0.3480877816784615,0.22257824054848685,0.6833517365664765,0.21750002011262706,0.45461173204672856,0
0.7094403193031728,0.23269669140434412,0.3514514560260752,0.4212083952116742,0.9114205981622392,0.5393972419797665,0.5159992135733192,0.3024129721806077,0.33098338263861243,0
0.2760690513319033,0.36052684400609014,0.6400891604344018,0.6863214573958912,0.4202442956059239,0.6188724885026011,0.46474040518908033,0.337221468536714,0.39412756333574506,0
0.2863289886744653,0.33581589119227595,0.6063126021418738,0.6178988641036353,0.7039887963287782,0.4440127992730725,0.483568606634394,0.6812788436281987,0.35261016380978505,0
0.6306666238346041,0.524491728557139,0.2859868200053757,0.4446578115132049,0.6117820918292769,0.4266808103618017,0.3153299252081444,0.2331736267021608,0.27194705296152877,0
0.6964236648355032,0.5617489971047536,0.22855447499299303,0.4175436798919352,0.46402257958911874,0.32423775171280805,0.47879976358505566,0.21747378406050358,0.7198179154024092,0
0.5918512014406612,0.5696104542578524,0.6787833293872396,0.5860319250618186,0.28758405632936085,0.15984597110765283,0.7674710640802143,0.33493165640292016,0.4210707157711062,0
0.5100176512794106,0.5307564126907943,0.40091269454664097,0.6695395568761827,0.6346547302218187,0.32625277248902856,0.17325199549531115,0.30085528977942916,0.686380499447063,0
0.7362964996369986,0.4859929444483105,0.44913008579169006,0.4223061838083352,0.49393760061349495,0.6090066518865027,0.6984160736102825,0.34231457753314043,0.6418025154557029,0
0.5477865216169677,0.42448474979665557,0.43933096159928064,0.6629461581098135,0.7575024251447933,0.5029631112058777,0.4306105879070329,0.45316903951873827,0.4926304638053829,0
0.26122854910749965,0.5553956415906374,0.2831086451014376,0.49566675034900726,0.6541442400026508,0.6643653828380328,0.8490231988212832,0.6270000898549452,0.37339845443610653,0
0.29940182013504235,0.46862453397495396,0.8146558327093032,0.5298272571751815,0.44957829193346466,0.40417853478668203,0.5851018221647573,0.34062133401656736,0.46814385106226586,0
0.4012420379582218,0.44487581437394946,0.7554073642784351,0.6274386695298881,0.5379036918069341,0.7111749764325972,0.5053220210595397,0.2734320466975052,0.5995473353994876,0
0.5859501792768582,0.6748851150860006,0.48577740096663147,0.48830987153788474,0.21961867528642512,0.4506456815657982,0.41399427058778127,0.46277356942091136,0.20852093373201586,0
0.31897610912112756,0.4854026338002798,0.35637020266330754,0.4714284677116065,0.51459519354863,0.45870737213610174,0.612374948554559,0.6212125125169675,0.5035107392026517,0
0.39015342401793984,0.4763160317021732,0.5117205577153983,0.6220007228554137,0.53192166727525,0.21177445812354465,0.4493279637188524,0.6411291417186112,0.4157307405390869,0
0.24376040897004672,0.48502867734537547,0.4289432849477513,0.5077049485260603,0.5270136055322568,0.6967731308007189,0.29435419499608256,0.438961337992615,0.29786839214717675,0
0.8588152895401736,0.13502204651279617,0.37216222938244464,0.5832509374854535,0.631765587638607,0.5246177488306595,0.3069072597463824,0.1263212522116705,0.8704474074723848,0
0.7367054400755711,0.40438081378940605,0.38672690355779366,0.499727872825364,0.6099166256775382,0.7262215553293975,0.5596556988825269,0.43281350115838396,0.9228018963710053,0
0.5335714032129973,0.6451431081248616,0.4007216484618002,0.35790799836293014,0.22950826464542853,0.45450641305070005,0.5995121716526745,0.35134830118354976,0.3874649861267834,0
0.7628808824901862,0.2968150967563946,0.4497816788571736,0.5574700237952079,0.3604142780084026,0.4596880133170645,0.2633102912617928,0.7163482141149353,0.5763036871730143,0
0.7949356177009154,0.541610944239059,0.5135471500757511,0.41185907401283944,0.3267682989000087,0.3801677694781191,0.6145219429425282,0.6509841039793415,0.2897910200754604,0
0.6235774946580043,0.5213080565912598,0.3893883217051023,0.4541922501835127,0.3219769628504082,0.3902361914796347,0.26956163276881034,0.5066953964271752,0.6838619175326223,0
0.9206204358174338,0.2848208908997558,0.418400063678489,0.4712399280034656,0.55082985012838,0.851729085327475,0.7530124076467896,0.5937319131408426,0.38649184797274944,0
0.10833939454042928,0.6222316821416097,0.8990071228606141,0.5447251924957643,0.38556552093687657,0.4378346121981418,0.3202013051047707,0.7426172731579365,0.6024035247646191,0
0.17361812468946938,0.7369208189741928,0.3103868702121793,0.3996662959874855,0.32074852181915786,0.40093408519195434,0.668170276464531,0.41397600421256503,0.7338352881472762,0
0.3186829694240448,0.691312527453473,0.6210302770425365,0.42253543718830994,0.3828130786981165,0.47113195039885514,0.6444355696373885,0.6424697147067779,0.3720800102676584,0
0.910380611219162,0.19364952643864503,0.40811130557283143,0.5346743289809159,0.7739809331115768,0.4633847007670144,0.541215987669109,0.7687295347608787,0.5319208971712738,0
0.6974500427010346,0.5134208363701798,0.18529657093762175,0.2043532524426162,0.44132844113680364,0.5587523828491614,0.49878354754159915,0.5941131379666379,0.49241433305816174,0
0.6804984895644672,0.26525841091193697,0.43435529974333015,0.5671090997325211,0.55062569175075,0.41930289747078286,0.6903735190637615,0.3508081415374823,0.5632459787366474,0
0.9126669783811014,0.684546582266584,0.20809589093871575,0.3438804716753588,0.4056862212204685,0.37903359532960196,0.5514103222374279,0.44047243196722435,0.6919066751454991,0
0.9887517743845212,0.1500243016148298,0.5339113176660594,0.6047660672800833,0.7680881731473055,0.35485913055494817,0.5302185942952901,0.3923457846018661,0.4080235154529306,0
0.25075703232557495,0.8453175800394934,0.6750294376398761,0.4475006840983162,0.17998867513934222,0.1552633162424093,0.5287347449444549,0.5524021408011065,0.6363979384016251,0
0.27275299128424135,0.15664474362071848,0.5692375700795025,0.4325686662058118,0.8972259371634809,0.5369924736220187,0.11168552013711328,0.5771085039300777,0.7664483409455348,0
0.6217586467863253,0.2104497960765839,0.6655967825683196,0.5668281145342866,0.8470850010566424,0.38874591689810206,0.7826698685819252,0.639188158966953,0.13453824110274573,0
0.6706284891883333,0.7725263452406104,0.3802460126938555,0.3703525691377417,0.20795319209997493,0.20681443085235174,0.2872895334130192,0.4592211550399433,0.3881684736418634,0
0.8629486574700503,0.6337579330062657,0.14581537220212284,0.36022661526646854,0.4974152360269989,0.5116512161423962,0.38671637937392656,0.25899282463342194,0.5477358704773272,0
0.5300946848789985,0.4840383454238067,0.17608568416430428,0.4418338948328497,0.7929014467745926,0.24556419563249232,0.5920783411184413,0.48474781670444045,0.5722222399421388,0
0.8237321302760945,0.523984822710012,0.44490483454027263,0.49302177574877953,0.35729902452789475,0.29702764040178625,0.6276918321481278,0.5586405040365104,0.27355245717371834,0
0.5286341444083116,0.4196106476464046,0.7399379364635552,0.5066181240278552,0.44595273681127495,0.3187650197910248,0.5446303099593205,0.5297012133253608,0.5659686526874372,0
0.49243390503977696,0.3825513301399885,0.894946350287817,0.7272936459701045,0.5165980749891163,0.42592507410762076,0.4926753645048959,0.6064524277601329,0.41795008356371494,0
0.3870164785589506,0.6016134655033671,0.3315211705785043,0.29894367025290686,0.4321559996819974,0.17259757641468532,0.41408122101155637,0.6023733803636576,0.6976550035453903,0
0.42973459475622267,0.3933290474272963,0.7754698038396767,0.6776819694172178,0.5211511876387149,0.6714691204746679,0.6148938139246551,0.42515051425858325,0.7432057644943594,0
0.36338700676082447,0.43869229100919505,0.6885780332453885,0.5186267392935023,0.5262042154869387,0.27131983569927415,0.40287207804838565,0.5699808124118969,0.4848905609714421,0
0.70684635571272,0.2948928236616482,0.3284286578874509,0.5182671890740587,0.5833377527540606,0.5377661857596892,0.6401780756187515,0.4042591592892828,0.41992104531440494,0
0.776641237719531,0.3032266819087273,0.24808957863261388,0.43485393174787335,0.6871632220406968,0.4852532906471352,0.4424496630656683,0.5782160374812905,0.430713978694893,0
0.40417990426708045,0.5544941552321245,0.441774555820653,0.4929781395183265,0.26255606310024715,0.5994091657665662,0.7061797712433048,0.4769723873748651,0.6193481340722019,0
0.4928681577116524,0.431233566754447,0.6234640008276509,0.5102026491979721,0.5775334897355039,0.4711448332251723,0.8108929682377649,0.14562126668448558,0.3214703597841153,0
0.20118633381289114,0.3883992248950618,0.4955960206352544,0.4545144781753779,0.8547173902892796,0.3762217535328024,0.7151876840363594,0.7375754944733729,0.47195846013902104,0
0.2683333158214077,0.3730341695306283,0.6237325221787402,0.5587103955241981,0.8859375242670308,0.5294437433455216,0.5028456436948449,0.5766091004211,0.2785523304243537,0
0.6813412487996292,0.6778166531336843,0.28224943558984555,0.37927672400457746,0.4707884919281201,0.4662272971605384,0.6708156062694262,0.5775488871339508,0.46356422195219443,1
0.47691816255075176,0.7416708062159504,0.5444272164148787,0.30549683027333197,0.5060637034784372,0.3015037283346578,0.22588803614258607,0.6290439386298929,0.723932206485388,1
0.5305105225572316,0.27002439807270745,0.35660404882935764,0.6210775090401749,0.4751807204089014,0.6140704818699546,0.41206849516553884,0.2327784863168861,0.49343589905465113,1
0.5967941946454788,0.7341963961438852,0.37127556634522896,0.37216780981186964,0.4515873069344195,0.70670379062565,0.6930652639009454,0.4297248290159221,0.6674492725739578,1
0.4534420843781466,0.24005782006015877,0.6832423691277335,0.6313913431069187,0.5171210566854917,0.49692469873301776,0.5410979654236011,0.6582382191325871,0.7197427802192347,1
0.23350380368528167,0.6208308532140013,0.21580377689530683,0.47727812567125977,0.720565273574591,0.7226592464985839,0.49737366706575287,0.33619840069453116,0.3757770493690013,1
0.41890667796252584,0.836805460155018,0.49030932364999913,0.21650336602651285,0.7012918255889993,0.29417806690085824,0.4874271451895187,0.8610441958355812,0.4953388518383158,1
0.45975982265564264,0.431248540940365,0.7723068442703281,0.4267587644707476,0.6292674015015168,0.22697807335610626,0.26601707238511013,0.31062909832096497,0.6678098960281692,1
0.15321704406979242,0.567062777215926,0.7677325663710568,0.45892631159793595,0.694459071163857,0.7284028827084061,0.40118932523323547,0.24639362972062123,0.6005563277112679,1
0.6813216158638472,0.2747866139426586,0.3515181851704514,0.6631695282641711,0.33903444244932635,0.6173545038730237,0.5525085732742279,0.5606330427038102,0.4176886480063705,1
0.5318858443414594,0.5056470055039013,0.6062853212234319,0.583991960958107,0.3617717041682789,0.21822195000828923,0.5134529672399908,0.5033816511386282,0.6738421032794158,1
0.4422784452379143,0.43807050423977595,0.3694691439028173,0.414117578158407,0.718335163015516,0.45165027937792124,0.5351448258253062,0.4509862390562906,0.460909914905258,1
0.7093930853579932,0.44898982838619766,0.2906949064134495,0.462154525378894,0.5078502866201284,0.43926255882940823,0.2921364094709533,0.2370228624595569,0.4207129737010546,1
0.6715647465866942,0.2868341314497379,0.7820210469943366,0.5712287772181933,0.4216150522810316,0.44991094339863874,0.15572719407714009,0.5150123333194611,0.5921518268348939,1
0.45253539111798174,0.6253247312269692,0.5605875571136515,0.455936856776103,0.4851310642175052,0.9288370868716646,0.7664390261281336,0.6872027837299802,0.36294051670175415,1
0.410459659955482,0.437128204395599,0.5132278800838598,0.6199377643346112,0.46813171161017836,0.07160556630942871,0.23300615820210635,0.4367335355487057,0.7804021042338177,1
0.46177763571298575,0.41862468924825785,0.20161375860835762,0.6102188963479482,0.5550800424284622,0.26401289574889947,0.3698601975886144,0.38379770388514056,0.4961458863134965,1
0.6638511075431163,0.4167179815327764,0.4510454098840475,0.4968318457135218,0.44465600809023925,0.20853958121996724,0.4509100410469513,0.4519011534235258,0.5619890078339109,1
0.4010326485053584,0.07966195132004768,0.21234903425249743,0.8982716645654804,0.436312326611266,0.438507745880455,0.3010191404415087,0.23075505784189895,0.4890695000740343,1
0.6352736841103995,0.09419789990946613,0.23674699472198069,0.8009881237606645,0.4104112869688884,0.6168289495825433,0.5176426554036844,0.5742686916385867,0.5743690157076005,1
0.33293045712077174,0.6705290084899352,0.02325583837597364,0.4194048700836098,0.7254162352498762,0.9285170184476066,0.5169134097464257,0.44947330671508817,0.4281996894540603,1
0.2778430740215867,0.7168320421668382,0.143346174170928,0.369228889785456,0.7652485136093142,0.5859399883358896,0.5089188511957597,0.6334024482816941,0.5110059783616543,1
0.6191997704058095,0.4281617276792064,0.1305587088876634,0.49797653221446186,0.5537522615433245,0.1824224565520838,0.7556790013668008,0.7290062784997103,0.4783220704287094,1
0.7327440904290815,0.37363330899004776,0.2673066100918101,0.5431962836678108,0.44062748814373315,0.429718181036081,0.39326256927995207,0.4946615573432888,0.48488302722663346,1
0.6577976022940365,0.4215991235767416,0.480374656128163,0.5041590756660232,0.3633454271790931,0.4686604811703619,0.4671686711330248,0.5644026300452114,0.173854314076301,1
0.3496305518888994,0.779307621552489,0.4060562281698613,0.36243869662223627,0.5838097619592592,0.6436996853157461,0.19665558814000003,0.24480999154343003,0.5710174397117233,1
0.611222859505378,0.22651007287388233,0.9223643909036306,0.6674543296714175,0.31087623116136787,0.33900399103454804,0.32617322332242005,0.5121508415178545,0.32171057193976216,1
0.3915768468282437,0.7485878167055497,0.019805390009160352,0.3742848208087688,0.6945677638352117,0.5203086526073099,0.31495772258319943,0.8933123558828977,0.5266175700817366,1
0.783001321170696,0.21312080888232138,0.5905890769533978,0.621859225479007,0.31055268013522885,0.7539770210160411,0.4762203714502166,0.18551709216341322,0.575056878893722,1
0.8021779521948579,0.2527809295321388,0.3335188815266394,0.5795673253645578,0.4172429702099231,0.49520314521714404,0.5718200337905672,0.9925274863611833,0.5956080186011254,1
0.3712611287396498,0.6830002813129176,0.26673184951184514,0.3725438259167428,0.6554770046541815,0.6686193668197159,0.5721524077955608,0.5832306630511023,0.3014607304397354,1
0.49463787291303907,0.6444550442276731,0.3643016425141436,0.4129270012221306,0.5261574851098235,0.6459786002375554,0.5807608058991397,0.5503126442201568,0.2871453452163875,1
0.5317769868363732,0.3622783494137519,0.31321835205646087,0.5892069837820617,0.5193837652809857,0.26805537059585427,0.7107323648140264,0.4043043082750247,0.5518257436743857,1
0.5545056074684613,0.4764054254512561,0.7202660354428706,0.36752562127272337,0.5169349602104288,0.8231796594032948,0.7080496490207985,0.39512959239123296,0.5931401898374057,1
0.5762245318250622,0.5376468595514176,0.9974594645111974,0.3333230068231681,0.5214287214701991,0.5709658206981862,0.4423589677559684,0.5855977952396466,0.4504955945304993,1
0.50005189450563,0.430801380345354,0.6954586992883963,0.5621972142742366,0.469291204955967,0.4370757952996952,0.7871119811477691,0.6689734298933394,0.36096454962489094,1
0.7042282516142842,0.04664314232980141,0.7163955339255772,0.8429410556827535,0.1656991023974345,0.3117763338230341,0.4195472604358929,0.3545558221129843,0.6510799689782377,1
0.5511440228485396,0.39671076296667757,0.769906324496552,0.6007921155799683,0.3566780506213371,0.5061681620385337,0.1215353166020926,0.5044584033815602,0.35448921495995167,1
0.2975580524735342,0.6440336963115472,0.4657395908165048,0.4611563175647622,0.6031929210114321,0.24483418069011703,0.4805951804621927,0.40043393616101525,0.4575655539301625,1
0.45027048430748934,0.46928201599820557,0.2233127083655848,0.44196657324027183,0.7246929814211299,0.48744491422600233,0.3798162763774751,0.4865815025543897,0.3044568285137588,1
0.4946234930514812,0.09902095301659625,0.48777365135894807,0.6826359383907996,0.536663078048482,0.7421693603466866,0.6017647294290539,0.7984782941628507,0.5636467356693775,1
0.25082010647698155,0.6671239977666971,0.5106245220069644,0.48021162758384073,0.5792511496952526,0.6098778524178585,0.4244710920011784,0.638198112416125,0.6740036212143432,1
0.38694961548798135,0.4470995422126129,0.18239389585109408,0.5772716431556484,0.6200566338906378,0.5494106583819102,0.43494698439865764,0.3428737487095568,0.37325939950337494,1
0.39206346250006996,0.6751377987445851,0.3363023298907709,0.3412882360955101,0.6580694143887373,0.9939416303456715,0.2677687823328378,0.564188891651744,0.2742208745786549,1
0.4920562682633129,0.284309340660378,0.5411758636331034,0.752474835138362,0.3757535827876879,0.6413491538192702,0.5642623635769758,0.9276517166319959,0.49789746819283776,1
0.5613936388003596,0.43633874845785253,0.7146000607230258,0.5642504314613311,0.4152348781641345,0.6030186460080845,0.36886273085518007,0.22911240237715103,0.5777310901319561,1
0.7003707469200987,0.22739230922181924,0.4432407336442611,0.5667690846633998,0.4003889314413428,0.707864234863757,0.5230445255164736,0.5917804394491866,0.2399726527352732,1
0.30701791427608927,0.5710912133752077,0.8706654188839639,0.42527581693205774,0.6271646528024778,0.501298768824454,0.7505262356453156,0.4399661084170058,0.3454833833378043,1
0.7213748825342614,0.5062065102711915,0.9140847007979392,0.40323092166670566,0.38977754862488706,0.27639976471748434,0.39448429810841174,0.501183027439508,0.5334347955627691,1
0.7611390220412987,0.014121045352410596,0.4936125218902061,0.7826550362235944,0.26749429633977806,0.37846249293557627,0.5093251538869843,0.47426616203404187,0.5668567133133372,1
0.6354199623758168,0.04755447246025133,0.5325870353415996,0.7073669881347776,0.42349734219006674,0.43624143480921684,0.5511446353081237,0.457053276135074,0.5716420124070838,1
0.455546570104544,0.6996398684562688,0.16657160504770901,0.3499110757554433,0.6438236721721117,0.11703366461623937,0.430441121328689,0.4819260899123731,0.37453860214397927,1
0.7855107870491715,0.06411677657252648,0.8852820555867684,0.7184552390753224,0.2519328842063586,0.6336396517784315,0.22697180925660337,0.4905405219724244,0.6758829875742688,1
0.3196859954640802,0.4719653339011059,0.5083482471128964,0.5797989164451277,0.5453120342597066,0.5265593707290469,0.546648766039402,0.3108164179580116,0.5198214732982214,1
0.22034684180421468,0.6622673427033918,0.3461953298538619,0.5970148086735039,0.43647940336219787,0.47943172861013617,0.5653065034687549,0.7105364057404829,0.49724505283064957,1
0.6809581514925769,0.4933419247410373,0.7879982739484077,0.4455664088545473,0.40924505743468903,0.1795896543009036,0.3812791507905162,0.26682226136189474,0.32801764647052706,1
0.47301751642977735,0.6428785807475297,0.6141844946901736,0.3942824583430254,0.5352102448060079,0.7298231489447207,0.7885411121952628,0.5264239514413612,0.27918871777016735,1
0.3564870073362902,0.3642471270649961,0.2644553625108221,0.6562146919559235,0.5685774032515035,0.3977385839189397,0.3960429936837042,0.4867475797920817,0.5108290812442273,1
0.30317868683250704,0.9236268584715602,0.44190512578520497,0.1991221501570475,0.6601918823639263,0.5194869902670712,0.40904117469591433,0.3250416511254441,0.7776794031748472,1
0.31714741954785175,0.9755342626183289,0.9780710538100784,0.12348003288610422,0.6598256136244784,0.5528197944350471,0.6167778413485515,0.44037504059067006,0.4523498711608546,1
0.3172263491175509,0.622526293440651,0.3271943799201544,0.4832939987325691,0.6038119406735322,0.2849142833202354,0.24079726198886145,0.20524007284417053,0.3210730899467142,1
0.6858920870746669,0.09284422012102625,0.4673321858877739,0.6097388257961871,0.5547377578455939,0.35251620216412294,0.2951606056818783,0.47869271987740636,0.23851232157763694,1
0.5841503490771961,0.5209170029611853,0.7146150608080292,0.5632319788399935,0.2939602325373025,0.8471358074234387,0.6394473693643242,0.18310281346065754,0.33837213076048767,1
0.5257463884613909,0.5700403404643114,0.491219771259159,0.3392052686829866,0.6013930787853783,0.33716631014291315,0.27586827896328137,0.5063825848380197,0.5852356673198925,1
0.41404496775487615,0.5135637963711802,0.30274682140996945,0.5389144084752826,0.5230604012745318,0.4923422512920771,0.3613450394794951,0.39879553009114665,0.19962856836487747,1
0.9459188923952473,0.11893320055112376,0.7342746302421632,0.6600917929710214,0.22754798598218556,0.4758489974164088,0.7545631970673091,0.42660363595787254,0.6641022562377482,1
0.44540253429328336,0.4624472364366128,0.43192496291507815,0.40408730061171805,0.7264630972190619,0.5648384088559639,0.023842781842331247,0.7026657975445031,0.5694918654335142,1
0.33064598238153126,0.4966872480754562,0.24893489890426995,0.6130836032187609,0.5671702505159963,0.21845528533516567,0.7289152251226617,0.24768679521098297,0.6408043843847909,1
0.8330091232565563,0.6937126515680926,0.5045880015438331,0.278831247420065,0.4072728787295893,0.4282638726440156,0.6475641159474078,0.6060286111402757,0.5784064236523565,1
0.8782436542010823,0.3300551307990882,0.349959007971141,0.5012715305437664,0.34700406569680153,0.4153249200579364,0.4543405092738505,0.5619893743364826,0.3709075687709204,1
0.4698003799612281,0.78460853476593,0.19790411495033075,0.4116995206553991,0.5235967548331812,0.3536959072150182,0.5072948511487265,0.2543617023064216,0.010728959531674893,1
0.35607243394994237,0.7809131490212206,0.5729771465111227,0.2056300070834849,0.7512409484964975,0.578803412671562,0.4968197462209603,0.4326225182999035,0.5069661075634148,1
0.3838264929698819,0.7828300709094247,0.19151096349526764,0.32372256271342764,0.6701883055920824,0.3689102231993934,0.6378673160873302,0.28062221829098144,0.7314982120428336,1
0.9693525894246201,0.35193912471434274,0.6449434459011352,0.49208632973570804,0.22616652028571504,0.18727060093822326,0.686909752591478,0.368629908955345,0.5373756747127026,1
0.40114143104441097,0.5938564386146875,0.4118226043382215,0.5026609753948208,0.5345131780129778,0.34480483985382043,0.13994640568562208,0.6886286978012701,0.8384884351392475,1
0.9875045227812665,0.5115714736922352,0.6607820219966535,0.3290476413745775,0.3606763234563392,0.4028442689682609,0.5298853949839287,0.2833813136676519,0.5912732170965088,1
0.5444821571976964,0.1924749092394654,0.9415091287103372,0.6053535149408988,0.4564327875608601,0.7611778761284782,0.6576162918779069,0.4571637923995233,0.5856726989156086,1
0.21619397258536782,0.7406686310036542,0.24410338565682452,0.41257994976564993,0.6768884798198475,0.37383574299044253,0.4251322192066438,0.26480058066877754,0.37768917315840933,1
0.5475166577188864,0.46017180889152576,0.5016885330429742,0.6488031870051368,0.3097723741583003,0.4707965185156118,0.4395219574973859,0.46577478394484273,0.7403265613991972,1
0.7366080720892697,0.08764460966895246,0.38601648119479937,0.5639716858082603,0.5313440351977786,0.43875642688842376,0.6319820413440185,0.3503684240895156,0.7319788593714288,1
0.3687631574238627,0.6792356907732321,0.10780506073314206,0.5402742070107486,0.5120518043310508,0.27391852879761613,0.3141757090278388,0.14752598593083363,0.5081135799755108,1
0.5748197936907623,0.2707979591479441,0.8766672261551959,0.5876061015552211,0.3964044343437815,0.6687212283348539,0.44322468817925625,0.4494577672973686,0.392395190604163,1
0.45571035018873146,0.9769870733838947,0.42110930861144963,0.2726028097327411,0.5141477183595297,0.2353095383970938,0.8275837723886645,0.6067641918370147,0.7920518448245263,1
0.06204063810779601,0.8002011478360423,0.553460500480311,0.4347550501939712,0.6603126583313215,0.5332603206317398,0.43960696359245915,0.41967743441609956,0.6844258077035471,1
0.674207096716054,0.5110299407465689,0.6350633290856649,0.4169172014536701,0.4320706221282918,0.6614225937371911,0.5573233374604415,0.1343605033034648,0.6297778601022935,1
0.4866872762115576,0.9040643511139438,0.5520144023204807,0.2934699688986195,0.4933715881668997,0.9007268755099257,0.5626241958886097,0.32616999603079017,0.5083506661765154,1
0.3538244309010208,0.7690663634053483,0.45578785812762374,0.40078938928946595,0.5367421611069393,0.44797033657017804,0.7590254942872642,0.47090244118458313,0.5979599996737647,1
0.6509030523732308,0.5401133163619403,0.617639828920297,0.4163931927314971,0.4772937581578053,0.5388852631328933,0.4930986480997741,0.4598496370494245,0.3536428595999126,1
0.7530832373685457,0.6157185814302826,0.35190546485853563,0.3941800187593538,0.40060950143368285,0.4186804577453694,0.24754569609113164,0.36771217048376537,0.6509475702713822,1
0.4581830108418693,0.5668043436737967,0.3818054385527505,0.5726422913908953,0.3601388590689627,0.2830809727980449,0.6040565597867263,0.059791360370672085,0.37291283397124136,1
0.3765815303214897,0.43599504856973537,0.5823823564646722,0.5776301184511475,0.558099690288779,0.4751801585413385,0.3699059915621951,0.4306187062952703,0.42675228157994316,1
